Item number,Title,Variation details,Custom label (SKU),Available quantity,Format,Currency,Start price,Auction Buy It Now price,Reserve price,Current price,Sold quantity,Watchers,Bids,Start date,End date,eBay category 1 name,eBay category 1 number,eBay category 2 name,eBay category 2 number,Condition,CD:Professional Grader - (ID: 27501),CD:Grade - (ID: 27502),CDA:Certification Number - (ID: 27503),CD:Card Condition - (ID: 40001),eBay Product ID(ePID),Listing site,P:UPC,P:EAN,P:ISBN
"800250822817",Jaylon Tyson Cleveland Cavaliers Rookie 2024-25 Donruss Optic #253 Holo,,577-4A2AB3C,"1","FIXED_PRICE","AUD",4.74,,,4.74,"0","","","Jun-27-26 02:39:35 PDT","Jul-27-26 02:39:35 PDT","Trading Card Singles","261328","","","Ungraded","","","","Near mint or better","","AU","","",""
"800250822819",Jayson Tatum Boston Celtics 2021-22 Panini Recon #9 Holo,,341-A911ADB-A41E858,"1","FIXED_PRICE","AUD",7.21,,,7.21,"0","","","Jun-27-26 02:39:35 PDT","Jul-27-26 02:39:35 PDT","Trading Card Singles","261328","","","Ungraded","","","","Near mint or better","","AU","","",""
"800250822821",Pelle Larsson Rookie 2024-25 Chrome #166 Pink Basketball Refractor cc690,,cc690-98A93B2,"1","FIXED_PRICE","AUD",5.99,,,5.99,"0","","","Jun-27-26 02:39:35 PDT","Jul-27-26 02:39:35 PDT","Trading Card Singles","261328","","","Ungraded","","","","Near mint or better","","AU","","",""
"800250822823",Cole Anthony Magic Rookie 2020-21 Panini Prizm #292 Purple Ice Prizms 14/175,,348-0A17349-E346072,"1","FIXED_PRICE","AUD",7.21,,,7.21,"0","","","Jun-27-26 02:39:35 PDT","Jul-27-26 02:39:35 PDT","Trading Card Singles","261328","","","Ungraded","","","","Near mint or better","","AU","","",""
"800250822824",Stephon Castle Spurs 2024-25 Prizm Basketball #4 Instant Impact cc706,,cc706-6B77764,"1","FIXED_PRICE","AUD",5.99,,,5.99,"0","","","Jun-27-26 02:39:35 PDT","Jul-27-26 02:39:35 PDT","Trading Card Singles","261328","","","Ungraded","","","","Near mint or better","","AU","","",""
"800250822825",Jaden McDaniels Minnesota Timberwolves 2020-21 Donruss Optic #178 Red Pulsar,,579-2057882,"1","FIXED_PRICE","AUD",18.99,,,18.99,"0","","","Jun-27-26 02:39:35 PDT","Jul-27-26 02:39:35 PDT","Trading Card Singles","261328","","","Ungraded","","","","Near mint or better","","AU","","",""
"800250822831",Shaedon Sharpe Trail Blazers 2023-24 Select #15 Purple Flash Prizms 14/175,,376-800A47E-1D9B25E,"1","FIXED_PRICE","AUD",7.21,,,7.21,"0","","","Jun-27-26 02:39:35 PDT","Jul-27-26 02:39:35 PDT","Trading Card Singles","261328","","","Ungraded","","","","Near mint or better","","AU","","",""
"800250822832",Kevin Durant Brooklyn Nets 2019-20 Panini Court Kings #55 Amethyst #/99,,528-67D784D,"1","FIXED_PRICE","AUD",18.99,,,18.99,"0","","","Jun-27-26 02:39:35 PDT","Jul-27-26 02:39:35 PDT","Trading Card Singles","261328","","","Ungraded","","","","Near mint or better","","AU","","",""
"800250822830",Desmond Bane Memphis Grizzlies Rookie 2020-21 Panini Flux #221 Red,,371-69B3C3C-8369D5B,"1","FIXED_PRICE","AUD",7.21,,,7.21,"0","","","Jun-27-26 02:39:35 PDT","Jul-27-26 02:39:35 PDT","Trading Card Singles","261328","","","Ungraded","","","","Near mint or better","","AU","","",""
"800250822833",Stephon Castle Rookie 2024-25 Donruss #244 San Antonio Spurs,,605-20DF2BF,"1","FIXED_PRICE","AUD",4.74,,,4.74,"0","","","Jun-27-26 02:39:35 PDT","Jul-27-26 02:39:35 PDT","Trading Card Singles","261328","","","Ungraded","","","","Near mint or better","","AU","","",""
"800250822835",Franz Wagner Michigan Wolverines 2021 Panini Chronicles Draft Picks #284 Silver,,571-52A4B98,"1","FIXED_PRICE","AUD",4.74,,,4.74,"0","0","0","Jun-27-26 02:39:35 PDT","Jul-27-26 02:39:35 PDT","Trading Card Singles","261328","","","Ungraded","","","","Near mint or better","","AU","","",""
"800250822836",Paolo Banchero Rookie 2022-23 Panini Chronicles #551 Orlando Magic,,623-53C50AA,"1","FIXED_PRICE","AUD",4.74,,,4.74,"0","","","Jun-27-26 02:39:35 PDT","Jul-27-26 02:39:35 PDT","Trading Card Singles","261328","","","Ungraded","","","","Near mint or better","","AU","","",""
"800250822837",Tyrese Haliburton Rookie 2020-21 Panini Chronicles #641 Sacramento Kings Red,,617-D41DC07,"1","FIXED_PRICE","AUD",4.74,,,4.74,"0","","","Jun-27-26 02:39:35 PDT","Jul-27-26 02:39:35 PDT","Trading Card Singles","261328","","","Ungraded","","","","Near mint or better","","AU","","",""
"800250822840",Reed Sheppard Houston Rockets 2024-25 Panini Prizm Black #145 Silver Prizms,,583-4977996,"1","FIXED_PRICE","AUD",18.99,,,18.99,"0","","","Jun-27-26 02:39:35 PDT","Jul-27-26 02:39:35 PDT","Trading Card Singles","261328","","","Ungraded","","","","Near mint or better","","AU","","",""
"800250822841",Keon Johnson RC Tennessee 2021 Panini Chronicles Draft Picks Blue /99 #56,,CDP-D8FE7FD-E73E25F,"1","FIXED_PRICE","AUD",4.74,,,4.74,"0","","","Jun-27-26 02:39:35 PDT","Jul-27-26 02:39:35 PDT","Trading Card Singles","261328","","","Ungraded","","","","Near mint or better","","AU","","",""
"800250822842",Tyrese Haliburton Rookie 2020-21 Panini Select #189 Sacramento Kings 634,,634-C731D4F,"1","FIXED_PRICE","AUD",4.74,,,4.74,"0","","","Jun-27-26 02:39:35 PDT","Jul-27-26 02:39:35 PDT","Trading Card Singles","261328","","","Ungraded","","","","Near mint or better","","AU","","",""
"800250822843",Devon Dotson Jayhawks 2020 Contenders Draft Picks #91 Game Ticket Red,,523-68F2E87,"1","FIXED_PRICE","AUD",4.74,,,4.74,"0","","","Jun-27-26 02:39:35 PDT","Jul-27-26 02:39:35 PDT","Trading Card Singles","261328","","","Ungraded","","","","Near mint or better","","AU","","",""
"800250822844",LeBron James Los Angeles Lakers 2024-25 Panini Select #54 Blue Prizm,,418-242D052-9FA8E07,"1","FIXED_PRICE","AUD",7.21,,,7.21,"0","","","Jun-27-26 02:39:35 PDT","Jul-27-26 02:39:35 PDT","Trading Card Singles","261328","","","Ungraded","","","","Near mint or better","","AU","","",""
"800250822845",Austin Reaves Rookie 2021-22 Panini Chronicles #61 Los Angeles Lakers,,622-8C75F37,"1","FIXED_PRICE","AUD",4.74,,,4.74,"0","0","0","Jun-27-26 02:39:35 PDT","Jul-27-26 02:39:35 PDT","Trading Card Singles","261328","","","Ungraded","","","","Near mint or better","","AU","","",""
"800250822846",Ace Bailey Rookie 2025-26 Topps #8B-35 Utah Jazz 8-Bit Ballers 628,,628-874F5E7,"1","FIXED_PRICE","AUD",4.74,,,4.74,"0","","","Jun-27-26 02:39:35 PDT","Jul-27-26 02:39:35 PDT","Trading Card Singles","261328","","","Ungraded","","","","Near mint or better","","AU","","",""
"800250822848",Isaiah Collier Jazz Rookie 2024-25 Hoops #259 Premium Prizms Scope Blue 20/99,,490-5C35A2A-C91A987,"1","FIXED_PRICE","AUD",18.99,,,18.99,"0","","","Jun-27-26 02:39:35 PDT","Jul-27-26 02:39:35 PDT","Trading Card Singles","261328","","","Ungraded","","","","Near mint or better","","AU","","",""
"800250822850",Josh Giddey Thunder 2023-24 Hoops Premium Stock #70 Orange 252/299,,382-91DC8E1-4607ABE,"1","FIXED_PRICE","AUD",7.21,,,7.21,"0","","","Jun-27-26 02:39:35 PDT","Jul-27-26 02:39:35 PDT","Trading Card Singles","261328","","","Ungraded","","","","Near mint or better","","AU","","",""
"800250822851",Franz Wagner Magic 2023-24 Phoenix #209 Phoenix Blue Lazer 202/275,,374-A858F64-29E4B0B,"1","FIXED_PRICE","AUD",7.21,,,7.21,"0","","","Jun-27-26 02:39:35 PDT","Jul-27-26 02:39:35 PDT","Trading Card Singles","261328","","","Ungraded","","","","Near mint or better","","AU","","",""
"800250822854",Tre Johnson III Rookie Wizards 2025-26 Topps Basketball #TC-TJ 1980-81 cc659,,cc659-93EAB8B,"1","FIXED_PRICE","AUD",5.99,,,5.99,"0","","","Jun-27-26 02:39:35 PDT","Jul-27-26 02:39:35 PDT","Trading Card Singles","261328","","","Ungraded","","","","Near mint or better","","AU","","",""
"800250822856",Evan Mobley Cavaliers 2021-22 Panini Prizm #10 Instant Impact Prizms Green,,570-6438BCA,"1","FIXED_PRICE","AUD",4.74,,,4.74,"0","","","Jun-27-26 02:39:35 PDT","Jul-27-26 02:39:35 PDT","Trading Card Singles","261328","","","Ungraded","","","","Near mint or better","","AU","","",""
"800250822857",Luka Doncic Dallas Mavericks 2024-25 Donruss Optic #214 Hyper Pink,,540-86D7291,"1","FIXED_PRICE","AUD",4.74,,,4.74,"0","1","0","Jun-27-26 02:39:35 PDT","Jul-27-26 02:39:35 PDT","Trading Card Singles","261328","","","Ungraded","","","","Near mint or better","","AU","","",""
"800250822858",Jalen Green Rookie 2021-22 Panini Prizm #306 Houston Rockets 632,,632-449EF3C,"1","FIXED_PRICE","AUD",4.74,,,4.74,"0","","","Jun-27-26 02:39:35 PDT","Jul-27-26 02:39:35 PDT","Trading Card Singles","261328","","","Ungraded","","","","Near mint or better","","AU","","",""
"800250822859",Cameron Johnson Phoenix Suns Rookie 2019-20 Panini Chronicles #224 Blue 22/99,,314-q7gh4-D55E811,"1","FIXED_PRICE","AUD",4.74,,,4.74,"0","","","Jun-27-26 02:39:35 PDT","Jul-27-26 02:39:35 PDT","Trading Card Singles","261328","","","Ungraded","","","","Near mint or better","","AU","","",""
"800250822860",Anthony Davis Lakers 2024-25 Prizm Basketball #25 Dominance Silver cc675,,cc675-FF980D3,"1","FIXED_PRICE","AUD",5.99,,,5.99,"0","","","Jun-27-26 02:39:35 PDT","Jul-27-26 02:39:35 PDT","Trading Card Singles","261328","","","Ungraded","","","","Near mint or better","","AU","","",""
"800250822861",Amen Thompson Rockets 2023-24 Mosaic Basketball #6 Bank Shot cc712,,cc712-C73B33B,"1","FIXED_PRICE","AUD",5.99,,,5.99,"0","","","Jun-27-26 02:39:35 PDT","Jul-27-26 02:39:35 PDT","Trading Card Singles","261328","","","Ungraded","","","","Near mint or better","","AU","","",""
"800250822862",Quentin Grimes New York Knicks Rookie 2021-22 Hoops #206 Red Backs,,252-pwy3p-8F4C4FC,"1","FIXED_PRICE","AUD",4.74,,,4.74,"0","","","Jun-27-26 02:39:35 PDT","Jul-27-26 02:39:35 PDT","Trading Card Singles","261328","","","Ungraded","","","","Near mint or better","","AU","","",""
"800250822863",Alperen Sengun Houston Rockets 2021-22 Panini Prizm #28 Emergent Prizms Silver,,574-DECF9B8,"1","FIXED_PRICE","AUD",4.74,,,4.74,"0","","","Jun-27-26 02:39:35 PDT","Jul-27-26 02:39:35 PDT","Trading Card Singles","261328","","","Ungraded","","","","Near mint or better","","AU","","",""
"800250822864",Bennedict Mathurin Pacers 2022-23 Donruss Optic Basketball #209 Purple cc668,,cc668-AF93804,"1","FIXED_PRICE","AUD",5.99,,,5.99,"0","1","0","Jun-27-26 02:39:35 PDT","Jul-27-26 02:39:35 PDT","Trading Card Singles","261328","","","Ungraded","","","","Near mint or better","","AU","","",""
"800250822865",Alperen Sengun Rookie 2021-22 Panini Prizm #318 Houston Rockets 641,,641-908033F,"1","FIXED_PRICE","AUD",4.74,,,4.74,"0","","","Jun-27-26 02:39:35 PDT","Jul-27-26 02:39:35 PDT","Trading Card Singles","261328","","","Ungraded","","","","Near mint or better","","AU","","",""
"800250822866",Brook Lopez Milwaukee Bucks 2024-25 Hoops #103 Blue Scope 04/99,,38-nglnk-5B7E1A7,"1","FIXED_PRICE","AUD",4.74,,,4.74,"0","","","Jun-27-26 02:39:35 PDT","Jul-27-26 02:39:35 PDT","Trading Card Singles","261328","","","Ungraded","","","","Near mint or better","","AU","","",""
"800250822867",Trey Murphy III Pelicans 2024-25 Obsidian NBA #96 Electric Etch Red Flood cc662,,cc662-7F7B4BD,"1","FIXED_PRICE","AUD",14.99,,,14.99,"0","","","Jun-27-26 02:39:35 PDT","Jul-27-26 02:39:35 PDT","Trading Card Singles","261328","","","Ungraded","","","","Near mint or better","","AU","","",""
"800250822868",Ziaire Williams 2021-22 Crown Royale Rookie Crown Autographs Purple 20/25,,479-C2AE0DC-4A93ED9,"1","FIXED_PRICE","AUD",18.99,,,18.99,"0","1","0","Jun-27-26 02:39:35 PDT","Jul-27-26 02:39:35 PDT","Trading Card Singles","261328","","","Ungraded","","","","Near mint or better","","AU","","",""
"800250822870",Kel'el Ware Rookie Heat 2024-25 Donruss Basketball #221 International cc710,,cc710-35B3D8A,"1","FIXED_PRICE","AUD",5.99,,,5.99,"0","","","Jun-27-26 02:39:35 PDT","Jul-27-26 02:39:35 PDT","Trading Card Singles","261328","","","Ungraded","","","","Near mint or better","","AU","","",""
"800250822872",Stephen Curry 2024-25 Topps Chrome Basketball #187 Pink Refractor cc689,,cc689-5D9DA9F,"1","FIXED_PRICE","AUD",5.99,,,5.99,"0","","","Jun-27-26 02:39:35 PDT","Jul-27-26 02:39:35 PDT","Trading Card Singles","261328","","","Ungraded","","","","Near mint or better","","AU","","",""
"800250822873",Kevin Durant Nets 2021-22 Hoops #3 Road to the Finals First Round 92/2021,,298-q7ggo-0218E5F,"1","FIXED_PRICE","AUD",4.74,,,4.74,"0","","","Jun-27-26 02:39:35 PDT","Jul-27-26 02:39:35 PDT","Trading Card Singles","261328","","","Ungraded","","","","Near mint or better","","AU","","",""
"800250822874",Kyshawn George Rookie Wizards 2024-25 Donruss NBA #225 International cc711,,cc711-D71A573,"1","FIXED_PRICE","AUD",5.99,,,5.99,"0","","","Jun-27-26 02:39:35 PDT","Jul-27-26 02:39:35 PDT","Trading Card Singles","261328","","","Ungraded","","","","Near mint or better","","AU","","",""
"800250822876",Franz Wagner Rookie Magic 2021-22 Illusions Basketball #158 Emerald cc756,,cc756-09B09E9,"1","FIXED_PRICE","AUD",3.99,,,3.99,"0","","","Jun-27-26 02:39:35 PDT","Jul-27-26 02:39:35 PDT","Trading Card Singles","261328","","","Ungraded","","","","Near mint or better","","AU","","",""
"800250822877",Scoot Henderson Trail Blazers 2023-24 Donruss Optic #9 Red Hot Rookies Holo,,581-B54D591,"1","FIXED_PRICE","AUD",7.59,,,7.59,"0","","","Jun-27-26 02:39:35 PDT","Jul-27-26 02:39:35 PDT","Trading Card Singles","261328","","","Ungraded","","","","Near mint or better","","AU","","",""
"800250822878",Jaylon Tyson Rookie Cavaliers 2024-25 Donruss NBA Preview International cc691,,cc691-24D5762,"1","FIXED_PRICE","AUD",9.99,,,9.99,"0","","","Jun-27-26 02:39:35 PDT","Jul-27-26 02:39:35 PDT","Trading Card Singles","261328","","","Ungraded","","","","Near mint or better","","AU","","",""
"800250822879",Anthony Black Magic Rookie 2023-24 Panini Phoenix #278 Phoenix Teal Lazer,,475-DFB822A-9E30D72,"1","FIXED_PRICE","AUD",4.74,,,4.74,"0","","","Jun-27-26 02:39:35 PDT","Jul-27-26 02:39:35 PDT","Trading Card Singles","261328","","","Ungraded","","","","Near mint or better","","AU","","",""
"800250822880",Amen Thompson Houston Rockets Rookie 2023-24 Donruss Optic #229,,593-A3D8123,"1","FIXED_PRICE","AUD",4.74,,,4.74,"0","","","Jun-27-26 02:39:35 PDT","Jul-27-26 02:39:35 PDT","Trading Card Singles","261328","","","Ungraded","","","","Near mint or better","","AU","","",""
"800250822883",Cade Cunningham Rookie Pistons 2021-22 Chronicles Basketball #152 cc762,,cc762-8ED83F8,"1","FIXED_PRICE","AUD",3.99,,,3.99,"0","","","Jun-27-26 02:39:35 PDT","Jul-27-26 02:39:35 PDT","Trading Card Singles","261328","","","Ungraded","","","","Near mint or better","","AU","","",""
"800250822884",Shai Gilgeous-Alexander Oklahoma City Thunder 2020-21 Panini Recon #35 Holo,,340-ED714F9-903BCFC,"1","FIXED_PRICE","AUD",7.21,,,7.21,"0","","","Jun-27-26 02:39:35 PDT","Jul-27-26 02:39:35 PDT","Trading Card Singles","261328","","","Ungraded","","","","Near mint or better","","AU","","",""
"800250822885",Donovan Clingan Trail Blazers 2024-25 Panini Prizm #13 Emergent Prizms Silver,,585-EC42959,"1","FIXED_PRICE","AUD",7.59,,,7.59,"0","","","Jun-27-26 02:39:35 PDT","Jul-27-26 02:39:35 PDT","Trading Card Singles","261328","","","Ungraded","","","","Near mint or better","","AU","","",""
"800250822887",Jamal Murray Nuggets 2020-21 Contenders #65 Season Ticket Photo Variations,,276-pwy4l-7519EA1,"1","FIXED_PRICE","AUD",9.49,,,9.49,"0","","","Jun-27-26 02:39:35 PDT","Jul-27-26 02:39:35 PDT","Trading Card Singles","261328","","","Ungraded","","","","Near mint or better","","AU","","",""
"800250822888",Jalen Williams Rookie Thunder 2022-23 Chronicles Basketball #252 cc746,,cc746-FE84465,"1","FIXED_PRICE","AUD",3.99,,,3.99,"0","","","Jun-27-26 02:39:35 PDT","Jul-27-26 02:39:35 PDT","Trading Card Singles","261328","","","Ungraded","","","","Near mint or better","","AU","","",""
"800250822889",Russell Westbrook Nuggets 2024-25 Donruss Optic Basketball #15 Hyper Pink cc755,,cc755-C9E3FDC,"1","FIXED_PRICE","AUD",3.99,,,3.99,"0","","","Jun-27-26 02:39:35 PDT","Jul-27-26 02:39:35 PDT","Trading Card Singles","261328","","","Ungraded","","","","Near mint or better","","AU","","",""
"800250822890",Alexandre Sarr Washington Wizards Rookie 2024-25 Donruss Optic #276 Hyper Pink,,576-0AC92B3,"1","FIXED_PRICE","AUD",8.54,,,8.54,"0","","","Jun-27-26 02:39:35 PDT","Jul-27-26 02:39:35 PDT","Trading Card Singles","261328","","","Ungraded","","","","Near mint or better","","AU","","",""
"800250822892",Tyrese Haliburton Rookie 2020-21 Panini Prizm #262 Sacramento Kings 639,,639-9423424,"1","FIXED_PRICE","AUD",8.54,,,8.54,"0","","","Jun-27-26 02:39:35 PDT","Jul-27-26 02:39:35 PDT","Trading Card Singles","261328","","","Ungraded","","","","Near mint or better","","AU","","",""
"800250822893",Alperen Sengun Rookie Rockets 2021-22 Illusions Basketball #166 cc736,,cc736-F4493E8,"1","FIXED_PRICE","AUD",4.99,,,4.99,"0","","","Jun-27-26 02:39:35 PDT","Jul-27-26 02:39:35 PDT","Trading Card Singles","261328","","","Ungraded","","","","Near mint or better","","AU","","",""
"800250822894",Jalen Johnson Atlanta Hawks 2024-25 Donruss Basketball #108 International cc697,,cc697-D4E8E79,"1","FIXED_PRICE","AUD",9.99,,,9.99,"0","","","Jun-27-26 02:39:35 PDT","Jul-27-26 02:39:35 PDT","Trading Card Singles","261328","","","Ungraded","","","","Near mint or better","","AU","","",""
"800250822895",Joel Embiid Philadelphia 76ers 2023-24 Donruss #10 Unleashed Diamond,,436-CA6F229-0FA4B3C,"1","FIXED_PRICE","AUD",9.02,,,9.02,"0","","","Jun-27-26 02:39:35 PDT","Jul-27-26 02:39:35 PDT","Trading Card Singles","261328","","","Ungraded","","","","Near mint or better","","AU","","",""
"800250822896",Tyler Herro Rookie Miami Heat 2019-20 Panini Chronicles Basketball #57 cc730,,cc730-15AA0EE,"1","FIXED_PRICE","AUD",4.99,,,4.99,"0","","","Jun-27-26 02:39:35 PDT","Jul-27-26 02:39:35 PDT","Trading Card Singles","261328","","","Ungraded","","","","Near mint or better","","AU","","",""
"800250822897",Tyrese Maxey Rookie 76ers 2020-21 Panini Chronicles Basketball #116 cc727,,cc727-22D23A7,"1","FIXED_PRICE","AUD",4.99,,,4.99,"0","","","Jun-27-26 02:39:35 PDT","Jul-27-26 02:39:35 PDT","Trading Card Singles","261328","","","Ungraded","","","","Near mint or better","","AU","","",""
"800250822899",Zion Williamson Rookie 2019-20 Panini Chronicles #244 New Orleans Pelicans,,614-82B81E8,"1","FIXED_PRICE","AUD",4.74,,,4.74,"0","","","Jun-27-26 02:39:35 PDT","Jul-27-26 02:39:35 PDT","Trading Card Singles","261328","","","Ungraded","","","","Near mint or better","","AU","","",""
"800250822900",Cade Cunningham Rookie Detroit Pistons 2021-22 Hoops Basketball #201 cc716,,cc716-16C350E,"1","FIXED_PRICE","AUD",4.99,,,4.99,"0","","","Jun-27-26 02:39:35 PDT","Jul-27-26 02:39:35 PDT","Trading Card Singles","261328","","","Ungraded","","","","Near mint or better","","AU","","",""
"800250822903",Chet Holmgren Rookie Thunder 2022-23 Mosaic Basketball #236 cc751,,cc751-5B4F22A,"1","FIXED_PRICE","AUD",3.99,,,3.99,"0","","","Jun-27-26 02:39:35 PDT","Jul-27-26 02:39:35 PDT","Trading Card Singles","261328","","","Ungraded","","","","Near mint or better","","AU","","",""
"800250822904",Zion Williamson Rookie Pelicans 2019-20 Chronicles Basketball #169 cc750,,cc750-286A1D8,"1","FIXED_PRICE","AUD",3.99,,,3.99,"0","","","Jun-27-26 02:39:35 PDT","Jul-27-26 02:39:35 PDT","Trading Card Singles","261328","","","Ungraded","","","","Near mint or better","","AU","","",""
"800250822906",Devin Booker Phoenix Suns 2022-23 Panini Recon #99 Holo Bronze 134/299,,330-F94FE2C-92DCDBB,"1","FIXED_PRICE","AUD",10.82,,,10.82,"0","1","0","Jun-27-26 02:39:35 PDT","Jul-27-26 02:39:35 PDT","Trading Card Singles","261328","","","Ungraded","","","","Near mint or better","","AU","","",""
"800250822907",Tyrese Haliburton Rookie 2020-21 Panini Court Kings #96 Sacramento Kings 640,,640-ED907D9,"1","FIXED_PRICE","AUD",7.59,,,7.59,"0","0","0","Jun-27-26 02:39:35 PDT","Jul-27-26 02:39:35 PDT","Trading Card Singles","261328","","","Ungraded","","","","Near mint or better","","AU","","",""
"800250822908",Amen Thompson Rockets 2023-24 Mosaic Basketball #6 Bank Shot cc734,,cc734-969FB4A,"1","FIXED_PRICE","AUD",5.99,,,5.99,"0","","","Jun-27-26 02:39:35 PDT","Jul-27-26 02:39:35 PDT","Trading Card Singles","261328","","","Ungraded","","","","Near mint or better","","AU","","",""
"800250822909",Jalen Duren Rookie Pistons 2022-23 Chronicles Basketball #276 cc782,,cc782-1E1B2A5,"1","FIXED_PRICE","AUD",3.99,,,3.99,"0","","","Jun-27-26 02:39:35 PDT","Jul-27-26 02:39:35 PDT","Trading Card Singles","261328","","","Ungraded","","","","Near mint or better","","AU","","",""
"800250822910",Giannis Antetokounmpo Milwaukee Bucks 2024-25 Panini Mosaic #13 Mosaic,,426-9AD2D1A-01F6D62,"1","FIXED_PRICE","AUD",4.5,,,4.5,"0","","","Jun-27-26 02:39:35 PDT","Jul-27-26 02:39:35 PDT","Trading Card Singles","261328","","","Ungraded","","","","Near mint or better","","AU","","",""
"800250822911",Giannis Antetokounmpo Milwaukee Bucks 2024-25 Hoops #285 Premium Prizms Silver,,72-nrs9c-27E6050,"1","FIXED_PRICE","AUD",9.49,,,9.49,"0","","","Jun-27-26 02:39:35 PDT","Jul-27-26 02:39:35 PDT","Trading Card Singles","261328","","","Ungraded","","","","Near mint or better","","AU","","",""
"800250822915",Jared McCain Philadelphia 76ers 2024-25 Hoops #9 Rookie Greetings Holo,,572-E1610D6,"1","FIXED_PRICE","AUD",8.54,,,8.54,"0","","","Jun-27-26 02:39:35 PDT","Jul-27-26 02:39:35 PDT","Trading Card Singles","261328","","","Ungraded","","","","Near mint or better","","AU","","",""
"800250822916",Tyrese Haliburton Rookie Kings 2020-21 Prizm Basketball #262 cc752,,cc752-BEF5EC3,"1","FIXED_PRICE","AUD",8.54,,,8.54,"0","","","Jun-27-26 02:39:35 PDT","Jul-27-26 02:39:35 PDT","Trading Card Singles","261328","","","Ungraded","","","","Near mint or better","","AU","","",""
"800250822917",Cade Cunningham Rookie Pistons 2021-22 Chronicles Basketball #52 cc726,,cc726-EA54D29,"1","FIXED_PRICE","AUD",4.99,,,4.99,"0","","","Jun-27-26 02:39:35 PDT","Jul-27-26 02:39:35 PDT","Trading Card Singles","261328","","","Ungraded","","","","Near mint or better","","AU","","",""
"800250822918",Allen Crabbe Hawks 2019-20 Panini Prizm #200 Prizms Green Shimmer 11/25,,537-8033B96,"1","FIXED_PRICE","AUD",9.49,,,9.49,"0","","","Jun-27-26 02:39:35 PDT","Jul-27-26 02:39:35 PDT","Trading Card Singles","261328","","","Ungraded","","","","Near mint or better","","AU","","",""
"800250822919",Jalen Suggs Orlando Magic 2021-22 Panini Chronicles #272 Asia,,590-5A1653F,"1","FIXED_PRICE","AUD",9.49,,,9.49,"0","","","Jun-27-26 02:39:35 PDT","Jul-27-26 02:39:35 PDT","Trading Card Singles","261328","","","Ungraded","","","","Near mint or better","","AU","","",""
"800250822920",James Harden 76ers 2022-23 Donruss Optic #16 Express Lane Blue 17/85,,358-68EC83D-D3F1957,"1","FIXED_PRICE","AUD",7.59,,,7.59,"0","","","Jun-27-26 02:39:35 PDT","Jul-27-26 02:39:35 PDT","Trading Card Singles","261328","","","Ungraded","","","","Near mint or better","","AU","","",""
"800250822921",Jalen Duren Detroit Pistons Rookie 2022-23 Donruss Optic #227,,597-D80599E,"1","FIXED_PRICE","AUD",4.74,,,4.74,"0","","","Jun-27-26 02:39:35 PDT","Jul-27-26 02:39:35 PDT","Trading Card Singles","261328","","","Ungraded","","","","Near mint or better","","AU","","",""
"800250822922",Shaedon Sharpe Trail Blazers 2023-24 Select #186 Purple Die Cut 186/99,,377-C4A7745-206281C,"1","FIXED_PRICE","AUD",10.82,,,10.82,"0","","","Jun-27-26 02:39:35 PDT","Jul-27-26 02:39:35 PDT","Trading Card Singles","261328","","","Ungraded","","","","Near mint or better","","AU","","",""
"800250822925",Jordan Hawkins New Orleans Pelicans 2024-25 Panini Silhouette #NG-HAW NBA Gear,,531-9BAE891,"1","FIXED_PRICE","AUD",9.49,,,9.49,"0","","","Jun-27-26 02:39:35 PDT","Jul-27-26 02:39:35 PDT","Trading Card Singles","261328","","","Ungraded","","","","Near mint or better","","AU","","",""
"800250822926",Jalen Duren Rookie Pistons 2022-23 Chronicles Basketball #140 cc772,,cc772-BE8D0B5,"1","FIXED_PRICE","AUD",3.99,,,3.99,"0","","","Jun-27-26 02:39:35 PDT","Jul-27-26 02:39:35 PDT","Trading Card Singles","261328","","","Ungraded","","","","Near mint or better","","AU","","",""
"800250822928",Evan Mobley Cavaliers 2021-22 Prizm Basketball #9 Emergent cc790,,cc790-FD0FB2D,"1","FIXED_PRICE","AUD",3.99,,,3.99,"0","","","Jun-27-26 02:39:35 PDT","Jul-27-26 02:39:35 PDT","Trading Card Singles","261328","","","Ungraded","","","","Near mint or better","","AU","","",""
"800250822929",Alperen Sengun Rockets 2021-22 Illusions Basketball #15 Instant Impact cc743,,cc743-569731B,"1","FIXED_PRICE","AUD",4.99,,,4.99,"0","","","Jun-27-26 02:39:35 PDT","Jul-27-26 02:39:35 PDT","Trading Card Singles","261328","","","Ungraded","","","","Near mint or better","","AU","","",""
"800250822930",Jonathan Kuminga Rookie Warriors 2021-22 Select Basketball #123 Silver cc686,,cc686-6284CEB,"1","FIXED_PRICE","AUD",5.99,,,5.99,"0","","","Jun-27-26 02:39:35 PDT","Jul-27-26 02:39:35 PDT","Trading Card Singles","261328","","","Ungraded","","","","Near mint or better","","AU","","",""
"800250822931",De'Aaron Fox Sacramento Kings 2020-21 Panini Absolute Memorabilia #85 Red 29/199,,319-q7gh9-ED60CEB,"1","FIXED_PRICE","AUD",7.59,,,7.59,"0","","","Jun-27-26 02:39:35 PDT","Jul-27-26 02:39:35 PDT","Trading Card Singles","261328","","","Ungraded","","","","Near mint or better","","AU","","",""
"800250822932",Cade Cunningham Pistons 2024-25 Prizm Basketball #41 Prizms Silver cc680,,cc680-0AB2918,"1","FIXED_PRICE","AUD",7.99,,,7.99,"0","","","Jun-27-26 02:39:35 PDT","Jul-27-26 02:39:35 PDT","Trading Card Singles","261328","","","Ungraded","","","","Near mint or better","","AU","","",""
"800250822933",Zion Williamson Rookie Pelicans 2019-20 Chronicles Basketball #60 cc720,,cc720-1D49583,"1","FIXED_PRICE","AUD",3.99,,,3.99,"0","","","Jun-27-26 02:39:35 PDT","Jul-27-26 02:39:35 PDT","Trading Card Singles","261328","","","Ungraded","","","","Near mint or better","","AU","","",""
"800250822935",Amen Thompson Rockets 2023-24 Donruss Basketball #14 Great X-Pectations cc776,,cc776-766F92C,"1","FIXED_PRICE","AUD",3.99,,,3.99,"0","","","Jun-27-26 02:39:35 PDT","Jul-27-26 02:39:35 PDT","Trading Card Singles","261328","","","Ungraded","","","","Near mint or better","","AU","","",""
"800250822936",Tyrese Haliburton Rookie Kings 2020-21 Prizm Basketball #262 cc774,,cc774-FF9ED7E,"1","FIXED_PRICE","AUD",8.54,,,8.54,"0","","","Jun-27-26 02:39:35 PDT","Jul-27-26 02:39:35 PDT","Trading Card Singles","261328","","","Ungraded","","","","Near mint or better","","AU","","",""
"800250822937",Nikola Jokic Denver Nuggets 2024-25 Hoops #29 City Edition Holo,,469-2B3B773-C9CD675,"1","FIXED_PRICE","AUD",4.5,,,4.5,"0","","","Jun-27-26 02:39:35 PDT","Jul-27-26 02:39:35 PDT","Trading Card Singles","261328","","","Ungraded","","","","Near mint or better","","AU","","",""
"800250822938",Franz Wagner Rookie Magic 2021-22 Chronicles Basketball #236 cc791,,cc791-76D8C58,"1","FIXED_PRICE","AUD",3.99,,,3.99,"0","","","Jun-27-26 02:39:35 PDT","Jul-27-26 02:39:35 PDT","Trading Card Singles","261328","","","Ungraded","","","","Near mint or better","","AU","","",""
"800250822939",Jalen Suggs Orlando Magic 2021-22 Panini Chronicles #616 Asia Red 88/88,,485-E8C1D65-89398A9,"1","FIXED_PRICE","AUD",14.24,,,14.24,"0","","","Jun-27-26 02:39:35 PDT","Jul-27-26 02:39:35 PDT","Trading Card Singles","261328","","","Ungraded","","","","Near mint or better","","AU","","",""
"800250822940",Josh Giddey Oklahoma City Thunder Rookie 2021-22 Panini Illusions #156 Asia Red,,584-250733F,"1","FIXED_PRICE","AUD",9.49,,,9.49,"0","","","Jun-27-26 02:39:35 PDT","Jul-27-26 02:39:35 PDT","Trading Card Singles","261328","","","Ungraded","","","","Near mint or better","","AU","","",""
"800250822941",Tyrese Haliburton Rookie 2020-21 Hoops #SS-14 Sacramento Kings Arriving Now. 637,,637-3A917BD,"1","FIXED_PRICE","AUD",5.69,,,5.69,"0","","","Jun-27-26 02:39:35 PDT","Jul-27-26 02:39:35 PDT","Trading Card Singles","261328","","","Ungraded","","","","Near mint or better","","AU","","",""
"800250822942",Alperen Sengun Rookie Rockets 2021-22 Chronicles Basketball #349 cc786,,cc786-BA89D61,"1","FIXED_PRICE","AUD",3.99,,,3.99,"0","","","Jun-27-26 02:39:35 PDT","Jul-27-26 02:39:35 PDT","Trading Card Singles","261328","","","Ungraded","","","","Near mint or better","","AU","","",""
"800250822943",Walker Kessler Utah Jazz Rookie 2022-23 Panini PhotoGenic #151 881/999,,487-6BE0611-8EEC6DA,"1","FIXED_PRICE","AUD",11.39,,,11.39,"0","","","Jun-27-26 02:39:35 PDT","Jul-27-26 02:39:35 PDT","Trading Card Singles","261328","","","Ungraded","","","","Near mint or better","","AU","","",""
"800250822944",Saben Lee Pistons 2020-21 Court Kings #HA-SLE Heir Apparent 104/149,,543-358BC45,"1","FIXED_PRICE","AUD",9.49,,,9.49,"0","","","Jun-27-26 02:39:35 PDT","Jul-27-26 02:39:35 PDT","Trading Card Singles","261328","","","Ungraded","","","","Near mint or better","","AU","","",""
"800250822947",Derek Harper Mavericks 2022-23 Panini Chronicles #OSA-DHM Old School Autographs,,343-60C1613-9D5839C,"1","FIXED_PRICE","AUD",9.02,,,9.02,"0","","","Jun-27-26 02:39:35 PDT","Jul-27-26 02:39:35 PDT","Trading Card Singles","261328","","","Ungraded","","","","Near mint or better","","AU","","",""
"800250822951",Franz Wagner Orlando Magic 2021-22 Panini Chronicles Basketball #236 cc739,,cc739-BE04E2B,"1","FIXED_PRICE","AUD",4.99,,,4.99,"0","","","Jun-27-26 02:39:35 PDT","Jul-27-26 02:39:35 PDT","Trading Card Singles","261328","","","Ungraded","","","","Near mint or better","","AU","","",""
"800250822952",Cade Cunningham Rookie Pistons 2021-22 Chronicles Basketball #240 cc738,,cc738-5BCCCC7,"1","FIXED_PRICE","AUD",4.99,,,4.99,"0","","","Jun-27-26 02:39:35 PDT","Jul-27-26 02:39:35 PDT","Trading Card Singles","261328","","","Ungraded","","","","Near mint or better","","AU","","",""
"800250822955",Jalen Johnson Rookie 2021-22 Panini Prizm #305 Atlanta Hawks 633,,633-E4A1249,"1","FIXED_PRICE","AUD",5.69,,,5.69,"0","","","Jun-27-26 02:39:35 PDT","Jul-27-26 02:39:35 PDT","Trading Card Singles","261328","","","Ungraded","","","","Near mint or better","","AU","","",""
"800250822956",Nikola Jokic Denver Nuggets 2024-25 Donruss Optic #100 Holo,,541-A2EC50A,"1","FIXED_PRICE","AUD",8.54,,,8.54,"0","","","Jun-27-26 02:39:35 PDT","Jul-27-26 02:39:35 PDT","Trading Card Singles","261328","","","Ungraded","","","","Near mint or better","","AU","","",""
"800250822957",Stephen Curry Warriors 2023-24 Hoops Premium Stock #192 Seismic Prizm,,77-nrs9o-677ACA5,"1","FIXED_PRICE","AUD",9.49,,,9.49,"0","","","Jun-27-26 02:39:35 PDT","Jul-27-26 02:39:35 PDT","Trading Card Singles","261328","","","Ungraded","","","","Near mint or better","","AU","","",""
"800250822959",Anthony Edwards Timberwolves 2024-25 Panini Select #23 Blue Cracked Ice Prizm,,443-F2725E9-E581B16,"1","FIXED_PRICE","AUD",7.21,,,7.21,"0","","","Jun-27-26 02:39:35 PDT","Jul-27-26 02:39:35 PDT","Trading Card Singles","261328","","","Ungraded","","","","Near mint or better","","AU","","",""
"800250822960",Scoot Henderson Portland Trail Blazers 2023-24 Panini Recon #10 The Mighty,,566-C84EFD4,"1","FIXED_PRICE","AUD",14.24,,,14.24,"0","","","Jun-27-26 02:39:35 PDT","Jul-27-26 02:39:35 PDT","Trading Card Singles","261328","","","Ungraded","","","","Near mint or better","","AU","","",""
"800250822963",Malcolm Brogdon Pacers 2019-20 Court King #BR-MBR Brush Strokes Ruby 14/75,,534-A46A6A8,"1","FIXED_PRICE","AUD",23.74,,,23.74,"0","","","Jun-27-26 02:39:35 PDT","Jul-27-26 02:39:35 PDT","Trading Card Singles","261328","","","Ungraded","","","","Near mint or better","","AU","","",""
"800250822964",Brandon Miller  Hornets 2023-24 Mosaic Basketball #14 Bank Shot cc714,,cc714-2218E14,"1","FIXED_PRICE","AUD",6.99,,,6.99,"0","","","Jun-27-26 02:39:35 PDT","Jul-27-26 02:39:35 PDT","Trading Card Singles","261328","","","Ungraded","","","","Near mint or better","","AU","","",""
"800250822965",Luka Doncic Los Angeles Lakers 2024-25 Panini Select #56 Blue Cracked Ice Prizm,,441-FB72491-3EF0762,"1","FIXED_PRICE","AUD",7.21,,,7.21,"0","","","Jun-27-26 02:39:35 PDT","Jul-27-26 02:39:35 PDT","Trading Card Singles","261328","","","Ungraded","","","","Near mint or better","","AU","","",""
"800250822969",Josh Giddey Thunder Rookie 2021-22 Panini Mosaic #210 Fast Break Silver,,591-104AB33,"1","FIXED_PRICE","AUD",14.24,,,14.24,"0","","","Jun-27-26 02:39:35 PDT","Jul-27-26 02:39:35 PDT","Trading Card Singles","261328","","","Ungraded","","","","Near mint or better","","AU","","",""
"800250822970",Jayson Tatum Rookie 2017-18 Panini Prestige #153 Boston Celtics,,607-C3CAF7C,"1","FIXED_PRICE","AUD",19.99,,,19.99,"0","","","Jun-27-26 02:39:35 PDT","Jul-27-26 02:39:35 PDT","Trading Card Singles","261328","","","Ungraded","","","","Near mint or better","","AU","","",""
"800250822972",Walker Kessler Utah Jazz 2023-24 Hoops #13 Gravity 40/75,,370-90A6F2F-6D39C9F,"1","FIXED_PRICE","AUD",7.21,,,7.21,"0","","","Jun-27-26 02:39:35 PDT","Jul-27-26 02:39:35 PDT","Trading Card Singles","261328","","","Ungraded","","","","Near mint or better","","AU","","",""
"800250822973",Keyonte George Rookie Jazz 2023-24 Mosaic Basketball #20 Introductions cc760,,cc760-0C689D8,"1","FIXED_PRICE","AUD",3.99,,,3.99,"0","","","Jun-27-26 02:39:35 PDT","Jul-27-26 02:39:35 PDT","Trading Card Singles","261328","","","Ungraded","","","","Near mint or better","","AU","","",""
"800250822974",Jaylen Brown Boston Celtics 2024-25 Donruss #25 Choice Blue 09/49,,339-BECDF0C-117ACEF,"1","FIXED_PRICE","AUD",18.99,,,18.99,"0","","","Jun-27-26 02:39:35 PDT","Jul-27-26 02:39:35 PDT","Trading Card Singles","261328","","","Ungraded","","","","Near mint or better","","AU","","",""
"800250822975",Giannis Antetokounmpo Milwaukee Bucks 2019-20 Donruss Optic #3 Splash! Red Wave,,526-29C1247,"1","FIXED_PRICE","AUD",23.75,,,23.75,"0","","","Jun-27-26 02:39:35 PDT","Jul-27-26 02:39:35 PDT","Trading Card Singles","261328","","","Ungraded","","","","Near mint or better","","AU","","",""
"800250822976",Jaylen Brown Celtics 2024-25 Panini Select NBA #29 Green White Purple cc654,,cc654-7081FEF,"1","FIXED_PRICE","AUD",4.99,,,4.99,"0","","","Jun-27-26 02:39:35 PDT","Jul-27-26 02:39:35 PDT","Trading Card Singles","261328","","","Ungraded","","","","Near mint or better","","AU","","",""
"800250822977",Kawhi Leonard Clippers 2024-25 Prizm Basketball #189 Prizms Silver cc693,,cc693-7E296A6,"1","FIXED_PRICE","AUD",4.99,,,4.99,"0","","","Jun-27-26 02:39:35 PDT","Jul-27-26 02:39:35 PDT","Trading Card Singles","261328","","","Ungraded","","","","Near mint or better","","AU","","",""
"800250822978",Franz Wagner Rookie Magic 2021-22 Court Kings Basketball #92 cc768,,cc768-D82F1F2,"1","FIXED_PRICE","AUD",4.99,,,4.99,"0","","","Jun-27-26 02:39:35 PDT","Jul-27-26 02:39:35 PDT","Trading Card Singles","261328","","","Ungraded","","","","Near mint or better","","AU","","",""
"800250822979",Alperen Sengun Rookie Rockets 2021-22 Chronicles Basketball #213 cc732,,cc732-FBA22D0,"1","FIXED_PRICE","AUD",4.99,,,4.99,"0","","","Jun-27-26 02:39:35 PDT","Jul-27-26 02:39:35 PDT","Trading Card Singles","261328","","","Ungraded","","","","Near mint or better","","AU","","",""
"800250822980",Gary Payton Sonics 2024-25 Prizm Basketball #286 Prizms Silver cc682,,cc682-A6CF3A0,"1","FIXED_PRICE","AUD",4.99,,,4.99,"0","","","Jun-27-26 02:39:35 PDT","Jul-27-26 02:39:35 PDT","Trading Card Singles","261328","","","Ungraded","","","","Near mint or better","","AU","","",""
"800250822981",Jake LaRavia Memphis Grizzlies Rookie 2022-23 Panini Chronicles #317 62/249,,480-807BA4B-0EC4791,"1","FIXED_PRICE","AUD",7.59,,,7.59,"0","","","Jun-27-26 02:39:35 PDT","Jul-27-26 02:39:35 PDT","Trading Card Singles","261328","","","Ungraded","","","","Near mint or better","","AU","","",""
"800250822982",Chris Paul Spurs 2024-25 Donruss Basketball #38 Red Stars 77/125 cc709,,cc709-48E6067,"1","FIXED_PRICE","AUD",9.99,,,9.99,"0","","","Jun-27-26 02:39:35 PDT","Jul-27-26 02:39:35 PDT","Trading Card Singles","261328","","","Ungraded","","","","Near mint or better","","AU","","",""
"800250822984",Tyrese Haliburton Rookie 2020-21 Panini Select #72 Sacramento Kings,,624-EA6E80A,"1","FIXED_PRICE","AUD",5.69,,,5.69,"0","","","Jun-27-26 02:39:35 PDT","Jul-27-26 02:39:35 PDT","Trading Card Singles","261328","","","Ungraded","","","","Near mint or better","","AU","","",""
"800250822985",Pacome Dadiet Rookie Knicks 2024-25 Prizm Basketball #28 Emergent Silver cc793,,cc793-FAE2622,"1","FIXED_PRICE","AUD",4.99,,,4.99,"0","","","Jun-27-26 02:39:35 PDT","Jul-27-26 02:39:35 PDT","Trading Card Singles","261328","","","Ungraded","","","","Near mint or better","","AU","","",""
"800250822986",Kevin Durant Suns 2022-23 Donruss Optic NBA #25 Express Lane Holo cc664,,cc664-5739787,"1","FIXED_PRICE","AUD",4.99,,,4.99,"0","","","Jun-27-26 02:39:35 PDT","Jul-27-26 02:39:35 PDT","Trading Card Singles","261328","","","Ungraded","","","","Near mint or better","","AU","","",""
"800250822987",RJ Barrett New York Knicks Rookie 2019-20 Panini Status #11 White Diamond 45/125,,372-9BE9323-8DABAD1,"1","FIXED_PRICE","AUD",13.53,,,13.53,"0","","","Jun-27-26 02:39:35 PDT","Jul-27-26 02:39:35 PDT","Trading Card Singles","261328","","","Ungraded","","","","Near mint or better","","AU","","",""
"800250822988",Tyrese Maxey Rookie 2020-21 Panini Mosaic #259 Philadelphia 76ers,,616-1CC4F3E,"1","FIXED_PRICE","AUD",5.69,,,5.69,"0","","","Jun-27-26 02:39:35 PDT","Jul-27-26 02:39:35 PDT","Trading Card Singles","261328","","","Ungraded","","","","Near mint or better","","AU","","",""
"800250822989",Nikola Jokic Nuggets 2023-24 Panini Select #169 Blue Prizms Die Cut 147/249,,356-7F4F8E4-CBC8368,"1","FIXED_PRICE","AUD",14.24,,,14.24,"0","","","Jun-27-26 02:39:35 PDT","Jul-27-26 02:39:35 PDT","Trading Card Singles","261328","","","Ungraded","","","","Near mint or better","","AU","","",""
"800250822990",Cade Cunningham Oklahoma State Cowboys 2021 Panini Chronicles Draft Picks #121,,600-79B03A3,"1","FIXED_PRICE","AUD",5.69,,,5.69,"0","","","Jun-27-26 02:39:35 PDT","Jul-27-26 02:39:35 PDT","Trading Card Singles","261328","","","Ungraded","","","","Near mint or better","","AU","","",""
"800250822993",Tyrese Haliburton 2023-24 Contenders Optic #12 Optic Illusion Red Ice 33/175,,364-88F5D5F-67456B5,"1","FIXED_PRICE","AUD",23.74,,,23.74,"0","","","Jun-27-26 02:39:35 PDT","Jul-27-26 02:39:35 PDT","Trading Card Singles","261328","","","Ungraded","","","","Near mint or better","","AU","","",""
"800250822994",Joel Embiid Philadelphia 76ers 2020-21 Panini Contenders #24 MVP Contenders,,255-pwy3t-42F8259,"1","FIXED_PRICE","AUD",4.74,,,4.74,"0","","","Jun-27-26 02:39:35 PDT","Jul-27-26 02:39:35 PDT","Trading Card Singles","261328","","","Ungraded","","","","Near mint or better","","AU","","",""
"800250822995",Brandon Miller Hornets 2024-25 Prizm NBA #3 Kaleidoscopic Prizms Silver cc672,,cc672-1B50D85,"1","FIXED_PRICE","AUD",4.99,,,4.99,"0","","","Jun-27-26 02:39:35 PDT","Jul-27-26 02:39:35 PDT","Trading Card Singles","261328","","","Ungraded","","","","Near mint or better","","AU","","",""
"800250822996",Don Watts Seattle Super Sonics 2006-07 Upper Deck Chronology #1 90/199  NBA,,CDP-D5C24C3-3EEBEAA,"1","FIXED_PRICE","AUD",4.74,,,4.74,"0","","","Jun-27-26 02:39:35 PDT","Jul-27-26 02:39:35 PDT","Trading Card Singles","261328","","","Ungraded","","","","Near mint or better","","AU","","",""
"800250822997",Cameron Johnson Suns Rookie 2019-20 Hoops Premium Stock #208 Blue Flash 3/49,,368-62BEDB4-F19069A,"1","FIXED_PRICE","AUD",13.53,,,13.53,"0","1","0","Jun-27-26 02:39:35 PDT","Jul-27-26 02:39:35 PDT","Trading Card Singles","261328","","","Ungraded","","","","Near mint or better","","AU","","",""
"800250822998",Alperen Sengun Rockets 2025-26 Chrome Basketball #98 Pulsar Refractor cc771,,cc771-01B8F5E,"1","FIXED_PRICE","AUD",4.99,,,4.99,"0","","","Jun-27-26 02:39:35 PDT","Jul-27-26 02:39:35 PDT","Trading Card Singles","261328","","","Ungraded","","","","Near mint or better","","AU","","",""
"800250822999",Bronny James Jr. Rookie Lakers 2024-25 Donruss NBA #243 International cc783,,cc783-8CB268B,"1","FIXED_PRICE","AUD",6.99,,,6.99,"0","","","Jun-27-26 02:39:35 PDT","Jul-27-26 02:39:35 PDT","Trading Card Singles","261328","","","Ungraded","","","","Near mint or better","","AU","","",""
"800250823000",Zion Williamson New Orleans Pelicans 2022-23 Panini Chronicles #599 Purple 10/49,,353-D6459F9-4E71E3A,"1","FIXED_PRICE","AUD",18.99,,,18.99,"0","","","Jun-27-26 02:39:35 PDT","Jul-27-26 02:39:35 PDT","Trading Card Singles","261328","","","Ungraded","","","","Near mint or better","","AU","","",""
"800250823002",Cade Cunningham Pistons 2022-23 Donruss Optic NBA #8 T-Minus 3.2.1 Purple cc665,,cc665-74B6A2C,"1","FIXED_PRICE","AUD",4.99,,,4.99,"0","","","Jun-27-26 02:39:35 PDT","Jul-27-26 02:39:35 PDT","Trading Card Singles","261328","","","Ungraded","","","","Near mint or better","","AU","","",""
"800250823003",Gordon Hayward Hornets 2020-21 Panini Obsidian #74 Electric Etch Purple 81/99,,305-q7ggv-2F8C834,"1","FIXED_PRICE","AUD",5.69,,,5.69,"0","","","Jun-27-26 02:39:35 PDT","Jul-27-26 02:39:35 PDT","Trading Card Singles","261328","","","Ungraded","","","","Near mint or better","","AU","","",""
"800250823004",Evan Mobley Cleveland Cavaliers Rookie 2021-22 Panini Illusions #153 Asia,,473-16420CB-FA81D06,"1","FIXED_PRICE","AUD",7.59,,,7.59,"0","","","Jun-27-26 02:39:35 PDT","Jul-27-26 02:39:35 PDT","Trading Card Singles","261328","","","Ungraded","","","","Near mint or better","","AU","","",""
"800250823005",Dyson Daniels New Orleans Pelicans Rookie 2022-23 Panini Flux #209 Silver,,565-D4936F7,"1","FIXED_PRICE","AUD",4.74,,,4.74,"0","","","Jun-27-26 02:39:35 PDT","Jul-27-26 02:39:35 PDT","Trading Card Singles","261328","","","Ungraded","","","","Near mint or better","","AU","","",""
"800250823006",Anthony Edwards Timberwolves 2022-23 Donruss Optic Basketball #45 Holo cc666,,cc666-F87FD8C,"1","FIXED_PRICE","AUD",6.99,,,6.99,"0","","","Jun-27-26 02:39:35 PDT","Jul-27-26 02:39:35 PDT","Trading Card Singles","261328","","","Ungraded","","","","Near mint or better","","AU","","",""
"800250823007",Jaden Hardy 2022 Chronicles Draft Picks #11 Rookie Purple 44/49,,489-34C5999-51F9B3B,"1","FIXED_PRICE","AUD",7.59,,,7.59,"0","","","Jun-27-26 02:39:35 PDT","Jul-27-26 02:39:35 PDT","Trading Card Singles","261328","","","Ungraded","","","","Near mint or better","","AU","","",""
"800250823008",Franz Wagner Orlando Magic Rookie 2021-22 Panini Mosaic #220,,596-D5F0426,"1","FIXED_PRICE","AUD",4.74,,,4.74,"0","","","Jun-27-26 02:39:35 PDT","Jul-27-26 02:39:35 PDT","Trading Card Singles","261328","","","Ungraded","","","","Near mint or better","","AU","","",""
"800250823009",Luka Doncic Dallas Mavericks 2020-21 Panini Revolution #37 Groove,,471-DC8CB33-32124B2,"1","FIXED_PRICE","AUD",7.21,,,7.21,"0","","","Jun-27-26 02:39:35 PDT","Jul-27-26 02:39:35 PDT","Trading Card Singles","261328","","","Ungraded","","","","Near mint or better","","AU","","",""
"800250823010",Jalen Suggs Orlando Magic 2021-22 Panini Chronicles #382 Asia Red 48/88,,486-FEAFDFA-EFAEA87,"1","FIXED_PRICE","AUD",14.24,,,14.24,"0","","","Jun-27-26 02:39:35 PDT","Jul-27-26 02:39:35 PDT","Trading Card Singles","261328","","","Ungraded","","","","Near mint or better","","AU","","",""
"800250823011",Ace Bailey Utah Jazz 2025-26 Topps Chrome Basketball #BD-24 Ball of Duty cc748,,cc748-0DA7732,"1","FIXED_PRICE","AUD",4.99,,,4.99,"0","1","0","Jun-27-26 02:39:35 PDT","Jul-27-26 02:39:35 PDT","Trading Card Singles","261328","","","Ungraded","","","","Near mint or better","","AU","","",""
"800250823012",Tyrese Haliburton Rookie 2020-21 Panini Select #72 Sacramento Kings 631,,631-260B9E3,"1","FIXED_PRICE","AUD",5.69,,,5.69,"0","","","Jun-27-26 02:39:35 PDT","Jul-27-26 02:39:35 PDT","Trading Card Singles","261328","","","Ungraded","","","","Near mint or better","","AU","","",""
"800250823014",Ausar Thompson Pistons 2023-24 Recon Basketball #7 Rock the Rim cc785,,cc785-5B287B7,"1","FIXED_PRICE","AUD",5.99,,,5.99,"0","1","0","Jun-27-26 02:39:35 PDT","Jul-27-26 02:39:35 PDT","Trading Card Singles","261328","","","Ungraded","","","","Near mint or better","","AU","","",""
"800250823016",Stephon Castle Rookie San Antonio Spurs 2024-25 Hoops Basketball #234 cc701,,cc701-999B0D8,"1","FIXED_PRICE","AUD",4.99,,,4.99,"0","","","Jun-27-26 02:39:35 PDT","Jul-27-26 02:39:35 PDT","Trading Card Singles","261328","","","Ungraded","","","","Near mint or better","","AU","","",""
"800250823017",Cade Cunningham Rookie Pistons 2021-22 Chronicles Basketball #152 cc733,,cc733-0B12883,"1","FIXED_PRICE","AUD",5.99,,,5.99,"0","","","Jun-27-26 02:39:35 PDT","Jul-27-26 02:39:35 PDT","Trading Card Singles","261328","","","Ungraded","","","","Near mint or better","","AU","","",""
"800250823019",Michael Porter Jr. Nuggets 2020-21 Panini Contenders #97 Playoff Ticket 164/249,,315-q7gh5-9CDF53D,"1","FIXED_PRICE","AUD",4.74,,,4.74,"0","","","Jun-27-26 02:39:35 PDT","Jul-27-26 02:39:35 PDT","Trading Card Singles","261328","","","Ungraded","","","","Near mint or better","","AU","","",""
"800250823020",Cason Wallace OKC 2025-26 Topps Chrome Basketball #191 X-Fractor cc648,,cc648-6C0B7C8,"1","FIXED_PRICE","AUD",4.99,,,4.99,"0","","","Jun-27-26 02:39:35 PDT","Jul-27-26 02:39:35 PDT","Trading Card Singles","261328","","","Ungraded","","","","Near mint or better","","AU","","",""
"800250823021",Cade Cunningham Rookie Pistons 2021-22 Chronicles Basketball #279 cc741,,cc741-B38A0E5,"1","FIXED_PRICE","AUD",5.99,,,5.99,"0","","","Jun-27-26 02:39:35 PDT","Jul-27-26 02:39:35 PDT","Trading Card Singles","261328","","","Ungraded","","","","Near mint or better","","AU","","",""
"800250823022",Nikola Jokic Nuggets 2024-25 Mosaic Basketball #13 Thunder Road Green cc663,,cc663-D6C0136,"1","FIXED_PRICE","AUD",4.99,,,4.99,"0","","","Jun-27-26 02:39:35 PDT","Jul-27-26 02:39:35 PDT","Trading Card Singles","261328","","","Ungraded","","","","Near mint or better","","AU","","",""
"800250823023",Ben Saraf Brooklyn Nets Rookie 2025-26 Topps #226 Holo Foil,,587-2FD053C,"1","FIXED_PRICE","AUD",4.74,,,4.74,"0","","","Jun-27-26 02:39:35 PDT","Jul-27-26 02:39:35 PDT","Trading Card Singles","261328","","","Ungraded","","","","Near mint or better","","AU","","",""
"800250823024",Tyrese Haliburton Kings Rookie 2020-21 Panini Select #189 Scope Prizms,,373-3774B17-EBCD821,"1","FIXED_PRICE","AUD",18.99,,,18.99,"0","","","Jun-27-26 02:39:35 PDT","Jul-27-26 02:39:35 PDT","Trading Card Singles","261328","","","Ungraded","","","","Near mint or better","","AU","","",""
"800250823025",Tre Jones San Antonio Spurs Rookie 2020-21 Panini Revolution #137 Astro,,580-6AD9D94,"1","FIXED_PRICE","AUD",4.74,,,4.74,"0","","","Jun-27-26 02:39:35 PDT","Jul-27-26 02:39:35 PDT","Trading Card Singles","261328","","","Ungraded","","","","Near mint or better","","AU","","",""
"800250823026",James Harden Nets 2021-22 Hoops #33 Road to the Finals First Round 1818/2021,,297-q7ggn-B6A149C,"1","FIXED_PRICE","AUD",4.74,,,4.74,"0","","","Jun-27-26 02:39:35 PDT","Jul-27-26 02:39:35 PDT","Trading Card Singles","261328","","","Ungraded","","","","Near mint or better","","AU","","",""
"800250823029",Deandre Ayton Phoenix Suns 2020-21 Panini Revolution #25 Cosmic 57/100,,303-q7ggt-2A601C6,"1","FIXED_PRICE","AUD",4.74,,,4.74,"0","","","Jun-27-26 02:39:35 PDT","Jul-27-26 02:39:35 PDT","Trading Card Singles","261328","","","Ungraded","","","","Near mint or better","","AU","","",""
"800250823030",Cade Cunningham Pistons 2024-25 Panini Select #65 Light Blue Prizm 222/299,,366-A69F7FD-D3952E8,"1","FIXED_PRICE","AUD",14.24,,,14.24,"0","","","Jun-27-26 02:39:35 PDT","Jul-27-26 02:39:35 PDT","Trading Card Singles","261328","","","Ungraded","","","","Near mint or better","","AU","","",""
"800250823031",Brandon Miller Rookie Hornets 2023-24 Hoops Haunted Hoops NBA #298 cc722,,cc722-42C88F6,"1","FIXED_PRICE","AUD",3.99,,,3.99,"0","","","Jun-27-26 02:39:35 PDT","Jul-27-26 02:39:35 PDT","Trading Card Singles","261328","","","Ungraded","","","","Near mint or better","","AU","","",""
"800250823032",Tyrese Haliburton Rookie Kings 2020-21 Prizm Basketball #9 Instant Impact cc715,,cc715-33BFADA,"1","FIXED_PRICE","AUD",4.99,,,4.99,"0","","","Jun-27-26 02:39:35 PDT","Jul-27-26 02:39:35 PDT","Trading Card Singles","261328","","","Ungraded","","","","Near mint or better","","AU","","",""
"800250823034",Brandon Miller Hornets 2023-24 Mosaic Basketball #14 Bank Shot cc773,,cc773-1521476,"1","FIXED_PRICE","AUD",6.99,,,6.99,"0","","","Jun-27-26 02:39:35 PDT","Jul-27-26 02:39:35 PDT","Trading Card Singles","261328","","","Ungraded","","","","Near mint or better","","AU","","",""
"800250823035",Jalen Williams Rookie 2022-23 Panini Flux #13 OKC Freshman Year 635,,635-22C8E13,"1","FIXED_PRICE","AUD",4.74,,,4.74,"0","","","Jun-27-26 02:39:35 PDT","Jul-27-26 02:39:35 PDT","Trading Card Singles","261328","","","Ungraded","","","","Near mint or better","","AU","","",""
"800250823036",Larry Bird Boston Celtics 2020-21 Panini Mosaic #295 Mosaic Green,,491-E998952-B459E5F,"1","FIXED_PRICE","AUD",7.59,,,7.59,"0","","","Jun-27-26 02:39:35 PDT","Jul-27-26 02:39:35 PDT","Trading Card Singles","261328","","","Ungraded","","","","Near mint or better","","AU","","",""
"800250823037",Brandon Miller Charlotte Hornets Rookie 2023-24 Donruss Optic #219,,594-4A46312,"1","FIXED_PRICE","AUD",4.74,,,4.74,"0","","","Jun-27-26 02:39:35 PDT","Jul-27-26 02:39:35 PDT","Trading Card Singles","261328","","","Ungraded","","","","Near mint or better","","AU","","",""
"800250823038",Jalen Brunson Knicks 2024-25 Mosaic NBA #11 Give and Go Mosaic Green cc673,,cc673-156FC5E,"1","FIXED_PRICE","AUD",4.99,,,4.99,"0","","","Jun-27-26 02:39:35 PDT","Jul-27-26 02:39:35 PDT","Trading Card Singles","261328","","","Ungraded","","","","Near mint or better","","AU","","",""
"800250823039",Brandon Miller Rookie Hornets 2023-24 Phoenix Basketball #273 cc731,,cc731-C73EAA5,"1","FIXED_PRICE","AUD",4.99,,,4.99,"0","","","Jun-27-26 02:39:35 PDT","Jul-27-26 02:39:35 PDT","Trading Card Singles","261328","","","Ungraded","","","","Near mint or better","","AU","","",""
"800250823040",Chet Holmgren Oklahoma City Thunder Rookie 2022-23 Panini Chronicles #97 Teal,,496-F1F6B6E,"1","FIXED_PRICE","AUD",6.64,,,6.64,"0","","","Jun-27-26 02:39:35 PDT","Jul-27-26 02:39:35 PDT","Trading Card Singles","261328","","","Ungraded","","","","Near mint or better","","AU","","",""
"800250823041",Jalen Suggs Orlando Magic 2021-22 Panini Chronicles #338 Asia,,567-4EFEDF9,"1","FIXED_PRICE","AUD",4.74,,,4.74,"0","","","Jun-27-26 02:39:35 PDT","Jul-27-26 02:39:35 PDT","Trading Card Singles","261328","","","Ungraded","","","","Near mint or better","","AU","","",""
"800250823042",LeBron James Los Angeles Lakers 2022-23 Panini Select #26 Green Shock Prizms,,512-609AB94,"1","FIXED_PRICE","AUD",14.24,,,14.24,"0","","","Jun-27-26 02:39:35 PDT","Jul-27-26 02:39:35 PDT","Trading Card Singles","261328","","","Ungraded","","","","Near mint or better","","AU","","",""
"800250823043",Jusuf Nurkic Trail Blazers 2020-21 Contenders #3 Conference Finals Ticket 03/75,,301-q7ggr-DAB88D1,"1","FIXED_PRICE","AUD",4.74,,,4.74,"0","","","Jun-27-26 02:39:35 PDT","Jul-27-26 02:39:35 PDT","Trading Card Singles","261328","","","Ungraded","","","","Near mint or better","","AU","","",""
"800250823044",Giannis Antetokounmpo 2023-24 Hoops Premium NBA #12 Anti Gravity Silver cc647,,cc647-A1C6170,"1","FIXED_PRICE","AUD",5.99,,,5.99,"0","","","Jun-27-26 02:39:35 PDT","Jul-27-26 02:39:35 PDT","Trading Card Singles","261328","","","Ungraded","","","","Near mint or better","","AU","","",""
"800250823045",Jayson Tatum Celtics 2024-25 Panini Select Basketball #2 Blue Cracked Ice cc652,,cc652-F88E9C3,"1","FIXED_PRICE","AUD",4.99,,,4.99,"0","","","Jun-27-26 02:39:35 PDT","Jul-27-26 02:39:35 PDT","Trading Card Singles","261328","","","Ungraded","","","","Near mint or better","","AU","","",""
"800250823046",Draymond Green Golden State Warriors 2024-25 Donruss #46 Teal Explosion 92/149,,517-3EAB82F,"1","FIXED_PRICE","AUD",6.64,,,6.64,"0","","","Jun-27-26 02:39:35 PDT","Jul-27-26 02:39:35 PDT","Trading Card Singles","261328","","","Ungraded","","","","Near mint or better","","AU","","",""
"800250823047",Dwyane Wade Miami Heat 2024-25 Panini Prizm Basketball #276 Prizms Ice cc699,,cc699-F172733,"1","FIXED_PRICE","AUD",4.99,,,4.99,"0","","","Jun-27-26 02:39:35 PDT","Jul-27-26 02:39:35 PDT","Trading Card Singles","261328","","","Ungraded","","","","Near mint or better","","AU","","",""
"800250823048",Zion Williamson Pelicans 2019-20 Panini Court Kings #1 Dressed to Impress,,602-308C5BF,"1","FIXED_PRICE","AUD",18.99,,,18.99,"0","","","Jun-27-26 02:39:35 PDT","Jul-27-26 02:39:35 PDT","Trading Card Singles","261328","","","Ungraded","","","","Near mint or better","","AU","","",""
"800250823049",Cade Cunningham / Grant Hill 2021-22 Illusions NBA #1 Rookie Reflections cc757,,cc757-6A2C1B1,"1","FIXED_PRICE","AUD",4.99,,,4.99,"0","","","Jun-27-26 02:39:35 PDT","Jul-27-26 02:39:35 PDT","Trading Card Singles","261328","","","Ungraded","","","","Near mint or better","","AU","","",""
"800250823054",Franz Wagner Magic 2021-22 Prizm Basketball #13 Instant Impact cc754,,cc754-A2A1912,"1","FIXED_PRICE","AUD",4.99,,,4.99,"0","","","Jun-27-26 02:39:35 PDT","Jul-27-26 02:39:35 PDT","Trading Card Singles","261328","","","Ungraded","","","","Near mint or better","","AU","","",""
"800250823055",Brandon Miller Rookie Hornets 2023-24 Prizm Basketball #152 cc780,,cc780-38DFBFD,"1","FIXED_PRICE","AUD",4.99,,,4.99,"0","","","Jun-27-26 02:39:35 PDT","Jul-27-26 02:39:35 PDT","Trading Card Singles","261328","","","Ungraded","","","","Near mint or better","","AU","","",""
"800250823059",Franz Wagner Michigan Wolverines 2021 Panini Chronicles Draft Picks #189,,599-C213BDD,"1","FIXED_PRICE","AUD",4.74,,,4.74,"0","","","Jun-27-26 02:39:35 PDT","Jul-27-26 02:39:35 PDT","Trading Card Singles","261328","","","Ungraded","","","","Near mint or better","","AU","","",""
"800250823062",Caris LeVert Indiana Pacers 2021-22 Donruss Elite #106 Purple 39/49,,304-q7ggu-E1F8F7B,"1","FIXED_PRICE","AUD",4.74,,,4.74,"0","","","Jun-27-26 02:39:35 PDT","Jul-27-26 02:39:35 PDT","Trading Card Singles","261328","","","Ungraded","","","","Near mint or better","","AU","","",""
"800250823063",Kristaps Porzingis Rookie Knicks 2015-16 International Basketball #151 cc758,,cc758-4CE9503,"1","FIXED_PRICE","AUD",5.99,,,5.99,"0","","","Jun-27-26 02:39:35 PDT","Jul-27-26 02:39:35 PDT","Trading Card Singles","261328","","","Ungraded","","","","Near mint or better","","AU","","",""
"800250823066",Amen Thompson Rookie Rockets 2023-24 Mosaic Basketball #6 Bank Shot cc788,,cc788-27A3BDE,"1","FIXED_PRICE","AUD",5.99,,,5.99,"0","","","Jun-27-26 02:39:35 PDT","Jul-27-26 02:39:35 PDT","Trading Card Singles","261328","","","Ungraded","","","","Near mint or better","","AU","","",""
"800250823068",Alperen Sengun Rookie Rockets 2021-22 Illusions Basketball #166 cc766,,cc766-E86BB90,"1","FIXED_PRICE","AUD",4.99,,,4.99,"0","","","Jun-27-26 02:39:35 PDT","Jul-27-26 02:39:35 PDT","Trading Card Singles","261328","","","Ungraded","","","","Near mint or better","","AU","","",""
"800250823074",Jaime Jaquez Jr. Heat 2024-25 Donruss Basketball #140 Red Stars 64/125 cc708,,cc708-8CA8414,"1","FIXED_PRICE","AUD",6.99,,,6.99,"0","","","Jun-27-26 02:39:35 PDT","Jul-27-26 02:39:35 PDT","Trading Card Singles","261328","","","Ungraded","","","","Near mint or better","","AU","","",""
"800250823077",Vlade Divac Lakers 2019-20 Panini National Treasures #TTM-VDV 27/99,,338-0DB7FF5-3477E90,"1","FIXED_PRICE","AUD",23.74,,,23.74,"0","","","Jun-27-26 02:39:35 PDT","Jul-27-26 02:39:35 PDT","Trading Card Singles","261328","","","Ungraded","","","","Near mint or better","","AU","","",""
"800250823082",Paul Pierce 2024-25 Topps Chrome - Ball of Duty Blue Refractor Basketball cc671,,cc671-A2E03B5,"1","FIXED_PRICE","AUD",4.99,,,4.99,"0","","","Jun-27-26 02:39:35 PDT","Jul-27-26 02:39:35 PDT","Trading Card Singles","261328","","","Ungraded","","","","Near mint or better","","AU","","",""
"800250823085",Zion Williamson New Orleans Pelicans 2020-21 Panini Revolution #75 Groove,,254-pwy3s-41531CB,"1","FIXED_PRICE","AUD",4.74,,,4.74,"0","","","Jun-27-26 02:39:35 PDT","Jul-27-26 02:39:35 PDT","Trading Card Singles","261328","","","Ungraded","","","","Near mint or better","","AU","","",""
"800250823087",Paolo Banchero Rookie Orlando Magic 2022-23 Panini Mosaic Basketball #231 cc713,,cc713-17326BC,"1","FIXED_PRICE","AUD",6.99,,,6.99,"0","","","Jun-27-26 02:39:35 PDT","Jul-27-26 02:39:35 PDT","Trading Card Singles","261328","","","Ungraded","","","","Near mint or better","","AU","","",""
"800250833361",John Stockton Gonzaga Bulldogs 2021 Panini Prizm Draft Picks #87 Green,,137-nt7p2-3AF2D61,"1","FIXED_PRICE","AUD",3.79,,,3.79,"0","","","Jun-27-26 02:45:43 PDT","Jul-27-26 02:45:43 PDT","Trading Card Singles","261328","","","Ungraded","","","","Near mint or better","","AU","","",""
"800250833362",Bam Adebayo Miami Heat 2022-23 Panini Select #157 Blue Prizms,,101-nrsb6-C7D862C,"1","FIXED_PRICE","AUD",3.79,,,3.79,"0","","","Jun-27-26 02:45:43 PDT","Jul-27-26 02:45:43 PDT","Trading Card Singles","261328","","","Ungraded","","","","Near mint or better","","AU","","",""
"800250833363",Jimmy Butler III Warriors 2024-25 Panini Select #34 Green White Purple Prizm,,117-nrsc8-6954240,"1","FIXED_PRICE","AUD",3.79,,,3.79,"0","","","Jun-27-26 02:45:43 PDT","Jul-27-26 02:45:43 PDT","Trading Card Singles","261328","","","Ungraded","","","","Near mint or better","","AU","","",""
"800250833364",Manu Ginobili San Antonio Spurs 2025-26 Topps #262 Season Tip Off,,185-nt7qe-AD3655B,"1","FIXED_PRICE","AUD",3.79,,,3.79,"0","","","Jun-27-26 02:45:43 PDT","Jul-27-26 02:45:43 PDT","Trading Card Singles","261328","","","Ungraded","","","","Near mint or better","","AU","","",""
"800250833365",Kris Murray Rookie Blazers 2023-24 Panini Photogenic #184 NBA,,CDP-4C6ECF5-B5E8F6B,"1","FIXED_PRICE","AUD",3.79,,,3.79,"0","","","Jun-27-26 02:45:43 PDT","Jul-27-26 02:45:43 PDT","Trading Card Singles","261328","","","Ungraded","","","","Near mint or better","","AU","","",""
"800250833366",Ben Wallace Detroit Pistons 2021-22 NBA Panini Prizm #249 Silver Wave,,1-n0o83-ABF7A02,"1","FIXED_PRICE","AUD",3.79,,,3.79,"0","","","Jun-27-26 02:45:43 PDT","Jul-27-26 02:45:43 PDT","Trading Card Singles","261328","","","Ungraded","","","","Near mint or better","","AU","","",""
"800250833367",Hunter Tyson 2023-24 Panini Mosaic Green #241 RC Denver Nuggets,,CDP-D9CC1FC-D79828B,"1","FIXED_PRICE","AUD",3.79,,,3.79,"0","","","Jun-27-26 02:45:43 PDT","Jul-27-26 02:45:43 PDT","Trading Card Singles","261328","","","Ungraded","","","","Near mint or better","","AU","","",""
"800250833368",Marc Gasol Memphis Grizzlies 2017-18 Panini Mosaic #84,,144-nt7p9-0F68A57,"1","FIXED_PRICE","AUD",3.79,,,3.79,"0","","","Jun-27-26 02:45:43 PDT","Jul-27-26 02:45:43 PDT","Trading Card Singles","261328","","","Ungraded","","","","Near mint or better","","AU","","",""
"800250833370", Alperen Sengun 2024-25 Prizm Red White Blue #201 NBA,,CDP-044BA23-2B9D608,"1","FIXED_PRICE","AUD",3.79,,,3.79,"0","","","Jun-27-26 02:45:43 PDT","Jul-27-26 02:45:43 PDT","Trading Card Singles","261328","","","Ungraded","","","","Near mint or better","","AU","","",""
"800250833371",Jaylen Brown California Golden Bears 2021 Panini Prizm Draft Picks #79 Red Ice,,108-nrsbo-F211F0B,"1","FIXED_PRICE","AUD",3.79,,,3.79,"0","","","Jun-27-26 02:45:43 PDT","Jul-27-26 02:45:43 PDT","Trading Card Singles","261328","","","Ungraded","","","","Near mint or better","","AU","","",""
"800250833372",Jrue Holiday Boston Celtics 2023-24 Panini Prizm #107 Prizms Silver,,199-nt7qs-739B004,"1","FIXED_PRICE","AUD",3.79,,,3.79,"0","","","Jun-27-26 02:45:43 PDT","Jul-27-26 02:45:43 PDT","Trading Card Singles","261328","","","Ungraded","","","","Near mint or better","","AU","","",""
"800250833373",Bradley Beal Washington Wizards 2022-23 Donruss Optic #13 Express Lane Holo,,230-ntcrq-2637B71,"1","FIXED_PRICE","AUD",3.79,,,3.79,"0","","","Jun-27-26 02:45:43 PDT","Jul-27-26 02:45:43 PDT","Trading Card Singles","261328","","","Ungraded","","","","Near mint or better","","AU","","",""
"800250833374",Kyrie Irving Dallas Mavericks 2023-24 Panini Select #21 Blue Prizms,,140-nt7p5-2478984,"1","FIXED_PRICE","AUD",3.79,,,3.79,"0","","","Jun-27-26 02:45:43 PDT","Jul-27-26 02:45:43 PDT","Trading Card Singles","261328","","","Ungraded","","","","Near mint or better","","AU","","",""
"800250833375",Draymond Green Golden State Warriors 2020-21 Donruss Optic #149 Holo,,269-pwy4c-557F91F,"1","FIXED_PRICE","AUD",3.79,,,3.79,"0","","","Jun-27-26 02:45:43 PDT","Jul-27-26 02:45:43 PDT","Trading Card Singles","261328","","","Ungraded","","","","Near mint or better","","AU","","",""
"800250833376",Davion Mitchell Rookie RC 2021-22 Panini Illusions Emerald Parallel 159 Kings,,CDP-1A0D803-E247B06,"1","FIXED_PRICE","AUD",3.79,,,3.79,"0","","","Jun-27-26 02:45:43 PDT","Jul-27-26 02:45:43 PDT","Trading Card Singles","261328","","","Ungraded","","","","Near mint or better","","AU","","",""
"800250833377",Russell Westbrook Rockets 2020-21 Panini Prizm #17 Fireworks Prizms Silver,,131-nt7ow-2127FDE,"1","FIXED_PRICE","AUD",3.79,,,3.79,"0","","","Jun-27-26 02:45:43 PDT","Jul-27-26 02:45:43 PDT","Trading Card Singles","261328","","","Ungraded","","","","Near mint or better","","AU","","",""
"800250833378",Julius Randle New York Knicks 2022-23 Panini Mosaic #35 Red Wave,,212-ntcr8-60605DD,"1","FIXED_PRICE","AUD",3.79,,,3.79,"0","","","Jun-27-26 02:45:43 PDT","Jul-27-26 02:45:43 PDT","Trading Card Singles","261328","","","Ungraded","","","","Near mint or better","","AU","","",""
"800250833379",Rasheed Wallace Pistons 2024-25 Prizm - Legends  #293 Red White & Blue Prizm NBA,,CDP-6F0B548-6F281F9,"1","FIXED_PRICE","AUD",3.79,,,3.79,"0","1","0","Jun-27-26 02:45:43 PDT","Jul-27-26 02:45:43 PDT","Trading Card Singles","261328","","","Ungraded","","","","Near mint or better","","AU","","",""
"800250833380",Steve Nash Mavericks 2021-22 NBA Panini Prizm #264  Red White and Blue,,CDP-A742E5D-899EB0F,"1","FIXED_PRICE","AUD",3.79,,,3.79,"0","","","Jun-27-26 02:45:43 PDT","Jul-27-26 02:45:43 PDT","Trading Card Singles","261328","","","Ungraded","","","","Near mint or better","","AU","","",""
"800250833381",Keldon Johnson Rookie Spurs 2019-20 Panini Chronicles Marquee Pink #247,,CDP-70ADEE8-878AF8D,"1","FIXED_PRICE","AUD",3.79,,,3.79,"0","","","Jun-27-26 02:45:43 PDT","Jul-27-26 02:45:43 PDT","Trading Card Singles","261328","","","Ungraded","","","","Near mint or better","","AU","","",""
"800250833382",Pascal Siakam Toronto Raptors 2020-21 Donruss Optic #103 Holo,,257-pwy3v-08A80B1,"1","FIXED_PRICE","AUD",3.79,,,3.79,"0","","","Jun-27-26 02:45:43 PDT","Jul-27-26 02:45:43 PDT","Trading Card Singles","261328","","","Ungraded","","","","Near mint or better","","AU","","",""
"800250833383",Damian Lillard Trail Blazers 2021-22 Panini Prizm #18 Dominance Prizms Silver,,103-nrsbb-3538E2B,"1","FIXED_PRICE","AUD",3.79,,,3.79,"0","","","Jun-27-26 02:45:43 PDT","Jul-27-26 02:45:43 PDT","Trading Card Singles","261328","","","Ungraded","","","","Near mint or better","","AU","","",""
"800250833384",Immanuel Quickley Raptors 2024-25 Panini Prizm #78 Prizms Red White and Blue,,224-ntcrk-64255DA,"1","FIXED_PRICE","AUD",3.79,,,3.79,"0","","","Jun-27-26 02:45:43 PDT","Jul-27-26 02:45:43 PDT","Trading Card Singles","261328","","","Ungraded","","","","Near mint or better","","AU","","",""
"800250833385",Devin Vassell Spurs Rookie 2020-21 #221 Mosaic Choice Red and Green,,265-pwy46-C3733F6,"1","FIXED_PRICE","AUD",3.79,,,3.79,"0","","","Jun-27-26 02:45:43 PDT","Jul-27-26 02:45:43 PDT","Trading Card Singles","261328","","","Ungraded","","","","Near mint or better","","AU","","",""
"800250833386",Paul George Philadelphia 76ers 2024-25 Panini Select #37 Silver Prizm,,121-nt7om-40C29CF,"1","FIXED_PRICE","AUD",3.79,,,3.79,"0","","","Jun-27-26 02:45:43 PDT","Jul-27-26 02:45:43 PDT","Trading Card Singles","261328","","","Ungraded","","","","Near mint or better","","AU","","",""
"800250833387",Jrue Holiday Boston Celtics 2023-24 Donruss Optic #117 Holo,,195-nt7qo-33F5833,"1","FIXED_PRICE","AUD",3.79,,,3.79,"0","","","Jun-27-26 02:45:43 PDT","Jul-27-26 02:45:43 PDT","Trading Card Singles","261328","","","Ungraded","","","","Near mint or better","","AU","","",""
"800250833389",Giannis Antetokounmpo Milwaukee Bucks 2023-24 Hoops #285 Neon Green,,88-nrsac-67EED1B,"1","FIXED_PRICE","AUD",3.79,,,3.79,"0","","","Jun-27-26 02:45:43 PDT","Jul-27-26 02:45:43 PDT","Trading Card Singles","261328","","","Ungraded","","","","Near mint or better","","AU","","",""
"800250833390",Zion Williamson New Orleans Pelicans 2021-22 Panini Mosaic #124 Red,,152-nt7ph-8496AC8,"1","FIXED_PRICE","AUD",3.79,,,3.79,"0","","","Jun-27-26 02:45:43 PDT","Jul-27-26 02:45:43 PDT","Trading Card Singles","261328","","","Ungraded","","","","Near mint or better","","AU","","",""
"800250833391",Pascal Siakam Indiana Pacers 2023-24 Panini Select #193 Blue Prizms,,143-nt7p8-0A9627C,"1","FIXED_PRICE","AUD",3.79,,,3.79,"0","","","Jun-27-26 02:45:43 PDT","Jul-27-26 02:45:43 PDT","Trading Card Singles","261328","","","Ungraded","","","","Near mint or better","","AU","","",""
"800250833392",Ja Morant Memphis Grizzlies 2020-21 Panini Flux #85 Silver,,264-pwy45-27D3D07,"1","FIXED_PRICE","AUD",3.79,,,3.79,"0","","","Jun-27-26 02:45:43 PDT","Jul-27-26 02:45:43 PDT","Trading Card Singles","261328","","","Ungraded","","","","Near mint or better","","AU","","",""
"800250833393",Jrue Holiday Milwaukee Bucks 2020-21 Donruss Optic #106 Hyper Pink,,190-nt7qj-BDBFFE5,"1","FIXED_PRICE","AUD",3.79,,,3.79,"0","","","Jun-27-26 02:45:43 PDT","Jul-27-26 02:45:43 PDT","Trading Card Singles","261328","","","Ungraded","","","","Near mint or better","","AU","","",""
"800250833394",Joel Embiid Philadelphia 76ers 2022-23 Panini Mosaic #141 Silver,,116-nrsc6-D9987FB,"1","FIXED_PRICE","AUD",3.79,,,3.79,"0","","","Jun-27-26 02:45:43 PDT","Jul-27-26 02:45:43 PDT","Trading Card Singles","261328","","","Ungraded","","","","Near mint or better","","AU","","",""
"800250833395",Tristan da Silva Orlando Magic Rookie 2024-25 Panini Mosaic #230 Prizm Mosaic,,249-pwy3l-B7B2445,"1","FIXED_PRICE","AUD",3.79,,,3.79,"0","","","Jun-27-26 02:45:43 PDT","Jul-27-26 02:45:43 PDT","Trading Card Singles","261328","","","Ungraded","","","","Near mint or better","","AU","","",""
"800250833397",Amar'e Stoudemire Phoenix Suns 2021-22 NBA Panini Prizm #262  Silver,,CDP-46FD641-B9FE387,"1","FIXED_PRICE","AUD",3.79,,,3.79,"0","","","Jun-27-26 02:45:43 PDT","Jul-27-26 02:45:43 PDT","Trading Card Singles","261328","","","Ungraded","","","","Near mint or better","","AU","","",""
"800250833398",Jaylen Brown Boston Celtics 2020-21 Panini Revolution #20 Astro,,279-pwy4o-AAC85BA,"1","FIXED_PRICE","AUD",3.79,,,3.79,"0","","","Jun-27-26 02:45:43 PDT","Jul-27-26 02:45:43 PDT","Trading Card Singles","261328","","","Ungraded","","","","Near mint or better","","AU","","",""
"800250833399",DeShawn Stevenson Jazz 2000-01 Topps Gallery Basketball #148 Rookie 402/999,,CDP-324E8D9-3665227,"1","FIXED_PRICE","AUD",3.79,,,3.79,"0","","","Jun-27-26 02:45:43 PDT","Jul-27-26 02:45:43 PDT","Trading Card Singles","261328","","","Ungraded","","","","Near mint or better","","AU","","",""
"800250833400",Bradley Beal Phoenix Suns 2024-25 Panini Select #12 Blue Cracked Ice Prizm,,95-nrsas-B01E57C,"1","FIXED_PRICE","AUD",3.79,,,3.79,"0","","","Jun-27-26 02:45:43 PDT","Jul-27-26 02:45:43 PDT","Trading Card Singles","261328","","","Ungraded","","","","Near mint or better","","AU","","",""
"800250833401",Jrue Holiday Milwaukee Bucks 2021-22 Panini Prizm #8 Ice,,193-nt7qm-1431609,"1","FIXED_PRICE","AUD",3.79,,,3.79,"0","","","Jun-27-26 02:45:43 PDT","Jul-27-26 02:45:43 PDT","Trading Card Singles","261328","","","Ungraded","","","","Near mint or better","","AU","","",""
"800250833402",Anthony Black Orlando Magic Rookie 2023-24 Panini Contenders #35,,604-D954A7D,"1","FIXED_PRICE","AUD",3.79,,,3.79,"0","","","Jun-27-26 02:45:43 PDT","Jul-27-26 02:45:43 PDT","Trading Card Singles","261328","","","Ungraded","","","","Near mint or better","","AU","","",""
"800250833403",Zion Williamson New Orleans Pelicans 2023-24 Panini Prizm #27 Prizms Blue Wave,,153-nt7pi-92C83DB,"1","FIXED_PRICE","AUD",3.79,,,3.79,"0","","","Jun-27-26 02:45:43 PDT","Jul-27-26 02:45:43 PDT","Trading Card Singles","261328","","","Ungraded","","","","Near mint or better","","AU","","",""
"800250833404",Zion Williamson Duke 2021 Panini Prizm Draft Picks #63 Red White Blue,,112-nrsbw-21B92A5,"1","FIXED_PRICE","AUD",3.79,,,3.79,"0","","","Jun-27-26 02:45:43 PDT","Jul-27-26 02:45:43 PDT","Trading Card Singles","261328","","","Ungraded","","","","Near mint or better","","AU","","",""
"800250833405",Joel Embiid Philadelphia 76ers 2023-24 Panini Prizm #73 Prizms Silver NBA,,5-n0o87-EA145F1,"1","FIXED_PRICE","AUD",3.79,,,3.79,"0","","","Jun-27-26 02:45:43 PDT","Jul-27-26 02:45:43 PDT","Trading Card Singles","261328","","","Ungraded","","","","Near mint or better","","AU","","",""
"800250833406",Jalen Johnson Atlanta Hawks 2024-25 Panini Revolution #30 Blue Storm,,41-nglnn-72B1A61,"1","FIXED_PRICE","AUD",3.79,,,3.79,"0","","","Jun-27-26 02:45:43 PDT","Jul-27-26 02:45:43 PDT","Trading Card Singles","261328","","","Ungraded","","","","Near mint or better","","AU","","",""
"800250833407",Pascal Siakam Toronto Raptors 2020-21 Clearly Donruss #13 Purple,,260-pwy40-5C8D654,"1","FIXED_PRICE","AUD",3.79,,,3.79,"0","","","Jun-27-26 02:45:43 PDT","Jul-27-26 02:45:43 PDT","Trading Card Singles","261328","","","Ungraded","","","","Near mint or better","","AU","","",""
"800250833409",Pascal Siakam Pacers 2023 Panini Select - Concourse Blue Prizm #8 NBA,,CDP-753E6A7-D134E03,"1","FIXED_PRICE","AUD",3.79,,,3.79,"0","","","Jun-27-26 02:45:43 PDT","Jul-27-26 02:45:43 PDT","Trading Card Singles","261328","","","Ungraded","","","","Near mint or better","","AU","","",""
"800250833410",Tyrese Maxey Philadelphia 76ers 2024-25 Donruss #192 Holo Green Laser,,573-6844867,"1","FIXED_PRICE","AUD",3.79,,,3.79,"0","","","Jun-27-26 02:45:43 PDT","Jul-27-26 02:45:43 PDT","Trading Card Singles","261328","","","Ungraded","","","","Near mint or better","","AU","","",""
"800250833411",Domantas Sabonis Sacramento Kings 2022-23 Panini Prizm #143 Prizms Hyper,,119-nt7ok-0EBB5CE,"1","FIXED_PRICE","AUD",3.79,,,3.79,"0","","","Jun-27-26 02:45:43 PDT","Jul-27-26 02:45:43 PDT","Trading Card Singles","261328","","","Ungraded","","","","Near mint or better","","AU","","",""
"800250833412",Tim Hardaway Jr. Mavericks 2020-21 Panini Prizm #52 Red Prizms 271/299,,326-q7ghg-7D242B2,"1","FIXED_PRICE","AUD",3.79,,,3.79,"0","","","Jun-27-26 02:45:43 PDT","Jul-27-26 02:45:43 PDT","Trading Card Singles","261328","","","Ungraded","","","","Near mint or better","","AU","","",""
"800250833413",Harry Giles III Sacramento Kings 2020-21 Hoops #181 Hyper Red 87/99,,323-q7ghd-B06BEAD,"1","FIXED_PRICE","AUD",3.79,,,3.79,"0","","","Jun-27-26 02:45:43 PDT","Jul-27-26 02:45:43 PDT","Trading Card Singles","261328","","","Ungraded","","","","Near mint or better","","AU","","",""
"800250833414",Alijah Martin Toronto Raptors 2025-26 Topps #NS-39 New School,,601-DAB8BE8,"1","FIXED_PRICE","AUD",3.79,,,3.79,"0","","","Jun-27-26 02:45:43 PDT","Jul-27-26 02:45:43 PDT","Trading Card Singles","261328","","","Ungraded","","","","Near mint or better","","AU","","",""
"800250833415",Franz Wagner Orlando Magic Rookie 2021-22 Panini Prizm #310,,556-A2D6A20,"1","FIXED_PRICE","AUD",3.79,,,3.79,"0","","","Jun-27-26 02:45:43 PDT","Jul-27-26 02:45:43 PDT","Trading Card Singles","261328","","","Ungraded","","","","Near mint or better","","AU","","",""
"800250833416",Jaylen Brown Boston Celtics 2022-23 Donruss Optic #32 Purple,,115-nrsc3-EED0974,"1","FIXED_PRICE","AUD",3.79,,,3.79,"0","","","Jun-27-26 02:45:43 PDT","Jul-27-26 02:45:43 PDT","Trading Card Singles","261328","","","Ungraded","","","","Near mint or better","","AU","","",""
"800250833417",Jaren Jackson Jr 2020-21 Panini Prizm Basketball Green Prizm Parallel,,CDP-AB01435-313DB1C,"1","FIXED_PRICE","AUD",3.79,,,3.79,"0","","","Jun-27-26 02:45:43 PDT","Jul-27-26 02:45:43 PDT","Trading Card Singles","261328","","","Ungraded","","","","Near mint or better","","AU","Does not apply","",""
"800250833418",Jaylen Brown Boston Celtics 2022-23 Donruss Optic #32 Purple,,113-nrsbz-01007F5,"1","FIXED_PRICE","AUD",3.79,,,3.79,"0","","","Jun-27-26 02:45:43 PDT","Jul-27-26 02:45:43 PDT","Trading Card Singles","261328","","","Ungraded","","","","Near mint or better","","AU","","",""
"800250833419",Jalen Williams Rookie 2022-23 Panini Chronicles #612 Oklahoma City Thunder 636,,636-EB6D33A,"1","FIXED_PRICE","AUD",3.79,,,3.79,"0","","","Jun-27-26 02:45:43 PDT","Jul-27-26 02:45:43 PDT","Trading Card Singles","261328","","","Ungraded","","","","Near mint or better","","AU","","",""
"800250833420",Karl-Anthony Towns New York Knicks 2024-25 Donruss Optic #158 Holo,,286-pwy4x-884C0AA,"1","FIXED_PRICE","AUD",3.79,,,3.79,"0","","","Jun-27-26 02:45:43 PDT","Jul-27-26 02:45:43 PDT","Trading Card Singles","261328","","","Ungraded","","","","Near mint or better","","AU","","",""
"800250833421",Brandon Miller Rookie 2023-24 Panini Contenders #24 Charlotte Hornets 629,,629-1F56497,"1","FIXED_PRICE","AUD",3.79,,,3.79,"0","","","Jun-27-26 02:45:43 PDT","Jul-27-26 02:45:43 PDT","Trading Card Singles","261328","","","Ungraded","","","","Near mint or better","","AU","","",""
"800250833422",T.J. Warren Indiana Pacers 2021-22 Donruss Elite #89 Aspirations 95/99,,306-q7ggw-B0C3974,"1","FIXED_PRICE","AUD",3.79,,,3.79,"0","","","Jun-27-26 02:45:43 PDT","Jul-27-26 02:45:43 PDT","Trading Card Singles","261328","","","Ungraded","","","","Near mint or better","","AU","","",""
"800250833423",Jalen Williams Rookie 2022-23 Panini Chronicles #179 Oklahoma City Thunder 644,,644-DD79DCC,"1","FIXED_PRICE","AUD",3.79,,,3.79,"0","","","Jun-27-26 02:45:43 PDT","Jul-27-26 02:45:43 PDT","Trading Card Singles","261328","","","Ungraded","","","","Near mint or better","","AU","","",""
"800250833424",Jason Williams Kings 2021-22 NBA Panini Prizm #266  Purple Wave ,,10-n0o8z-F339C8F,"1","FIXED_PRICE","AUD",3.79,,,3.79,"0","","","Jun-27-26 02:45:43 PDT","Jul-27-26 02:45:43 PDT","Trading Card Singles","261328","","","Ungraded","","","","Near mint or better","","AU","","",""
"800250833425",Jalen Duren Rookie 2022-23 Panini Chronicles #38 Detroit Pistons 643,,643-9E4560C,"1","FIXED_PRICE","AUD",3.79,,,3.79,"0","","","Jun-27-26 02:45:43 PDT","Jul-27-26 02:45:43 PDT","Trading Card Singles","261328","","","Ungraded","","","","Near mint or better","","AU","","",""
"800250833426",Immanuel Quickley Toronto Raptors 2024-25 Panini Prizm #78 Prizms Ice,,288-q7gge-55B0573,"1","FIXED_PRICE","AUD",3.79,,,3.79,"0","","","Jun-27-26 02:45:43 PDT","Jul-27-26 02:45:43 PDT","Trading Card Singles","261328","","","Ungraded","","","","Near mint or better","","AU","","",""
"800250833427",Malaki Branham 2022-23 Chronicles Threads Draft Picks Jersey Relic Rookie RC NBA,,CDP-8410CDD-F613FB4,"1","FIXED_PRICE","AUD",3.79,,,3.79,"0","","","Jun-27-26 02:45:43 PDT","Jul-27-26 02:45:43 PDT","Trading Card Singles","261328","","","Ungraded","","","","Near mint or better","","AU","Does not apply","",""
"800250833428",Pau Gasol San Antonio Spurs 2017-18 Panini Prizm #295 Prizms Red White and Blue,,50-nglnw-354F6FD,"1","FIXED_PRICE","AUD",3.79,,,3.79,"0","","","Jun-27-26 02:45:43 PDT","Jul-27-26 02:45:43 PDT","Trading Card Singles","261328","","","Ungraded","","","","Near mint or better","","AU","","",""
"800250833429",Zeke Nnaji Rookie Nuggets 2020-21 NBA Hoops Blue,,CDP-0A272C2-931A6DF,"1","FIXED_PRICE","AUD",3.79,,,3.79,"0","","","Jun-27-26 02:45:43 PDT","Jul-27-26 02:45:43 PDT","Trading Card Singles","261328","","","Ungraded","","","","Near mint or better","","AU","","",""
"800250833430",Franz Wagner Rookie Orlando Magic 2021-22 Hoops Basketball #235 cc717,,cc717-35EBA85,"1","FIXED_PRICE","AUD",3.99,,,3.99,"0","","","Jun-27-26 02:45:43 PDT","Jul-27-26 02:45:43 PDT","Trading Card Singles","261328","","","Ungraded","","","","Near mint or better","","AU","","",""
"800250833431",Jason Williams Sacramento Kings 2024-25 Panini Prizm #287 Prizms Green,,120-nt7ol-303FE46,"1","FIXED_PRICE","AUD",3.79,,,3.79,"0","","","Jun-27-26 02:45:43 PDT","Jul-27-26 02:45:43 PDT","Trading Card Singles","261328","","","Ungraded","","","","Near mint or better","","AU","","",""
"800250833432",Julius Randle New York Knicks 2020-21 Panini Prizm #54 Silver Prizms,,270-pwy4d-96A8A7E,"1","FIXED_PRICE","AUD",3.79,,,3.79,"0","","","Jun-27-26 02:45:43 PDT","Jul-27-26 02:45:43 PDT","Trading Card Singles","261328","","","Ungraded","","","","Near mint or better","","AU","","",""
"800250833433",Jimmy Butler Miami Heat 2020-21 Panini Revolution #78 Astro,,287-pwy4z-59C75D2,"1","FIXED_PRICE","AUD",3.79,,,3.79,"0","","","Jun-27-26 02:45:43 PDT","Jul-27-26 02:45:43 PDT","Trading Card Singles","261328","","","Ungraded","","","","Near mint or better","","AU","","",""
"800250833434",Tyrese Haliburton Rookie Kings 2020-21 Chronicles Basketball #188 cc792,,cc792-04A8FAC,"1","FIXED_PRICE","AUD",3.79,,,3.79,"0","","","Jun-27-26 02:45:43 PDT","Jul-27-26 02:45:43 PDT","Trading Card Singles","261328","","","Ungraded","","","","Near mint or better","","AU","","",""
"800250833435",Tyrese Haliburton Rookie Kings 2020-21 Chronicles Basketball #149 cc749,,cc749-EF70F7E,"1","FIXED_PRICE","AUD",3.79,,,3.79,"0","","","Jun-27-26 02:45:43 PDT","Jul-27-26 02:45:43 PDT","Trading Card Singles","261328","","","Ungraded","","","","Near mint or better","","AU","","",""
"800250833436",Alperen Sengun Rockets 2024-25 Prizm Basketball #201 Prizms Green cc692,,cc692-24D3984,"1","FIXED_PRICE","AUD",3.99,,,3.99,"0","","","Jun-27-26 02:45:43 PDT","Jul-27-26 02:45:43 PDT","Trading Card Singles","261328","","","Ungraded","","","","Near mint or better","","AU","","",""
"800250833437",Precious Achiuwa Rookie Heat 2020-21 NBA Obsidian #165  Electric Etch Asia ,,35-n9tp2-6FAE68E,"1","FIXED_PRICE","AUD",3.79,,,3.79,"0","","","Jun-27-26 02:45:43 PDT","Jul-27-26 02:45:43 PDT","Trading Card Singles","261328","","","Ungraded","","","","Near mint or better","","AU","","",""
"800250833438",Kam Jones Indiana Pacers 2025-26 Topps #TC-KO 1980-81 Topps Chrome Basketball,,569-8472782,"1","FIXED_PRICE","AUD",3.79,,,3.79,"0","","","Jun-27-26 02:45:43 PDT","Jul-27-26 02:45:43 PDT","Trading Card Singles","261328","","","Ungraded","","","","Near mint or better","","AU","","",""
"800250833440",Joel Embiid Philadelphia 76ers 2024-25 Panini Mosaic #152 Green Mosaic,,110-nrsbs-96404DA,"1","FIXED_PRICE","AUD",3.79,,,3.79,"0","","","Jun-27-26 02:45:43 PDT","Jul-27-26 02:45:43 PDT","Trading Card Singles","261328","","","Ungraded","","","","Near mint or better","","AU","","",""
"800250833441",Marc Gasol Memphis Grizzlies 2017-18 Panini Mosaic #84 Red,,125-nt7oq-5075A50,"1","FIXED_PRICE","AUD",3.79,,,3.79,"0","","","Jun-27-26 02:45:43 PDT","Jul-27-26 02:45:43 PDT","Trading Card Singles","261328","","","Ungraded","","","","Near mint or better","","AU","","",""
"800250833442",Al Horford Celtics 2024-25 Prizm Basketball #193 Prizms Green cc677,,cc677-4CC8EC2,"1","FIXED_PRICE","AUD",3.99,,,3.99,"0","","","Jun-27-26 02:45:43 PDT","Jul-27-26 02:45:43 PDT","Trading Card Singles","261328","","","Ungraded","","","","Near mint or better","","AU","","",""
"800250833443",Marc Gasol Memphis Grizzlies 2017-18 Panini Mosaic #84 Red,,136-nt7p1-88E700D,"1","FIXED_PRICE","AUD",3.79,,,3.79,"0","","","Jun-27-26 02:45:43 PDT","Jul-27-26 02:45:43 PDT","Trading Card Singles","261328","","","Ungraded","","","","Near mint or better","","AU","","",""
"800250833444",Allen Iverson 2024-25 Chrome - Topps Green Refractor Basketball #94 cc687,,cc687-374AD1A,"1","FIXED_PRICE","AUD",3.99,,,3.99,"0","","","Jun-27-26 02:45:43 PDT","Jul-27-26 02:45:43 PDT","Trading Card Singles","261328","","","Ungraded","","","","Near mint or better","","AU","","",""
"800250833445",Cade Cunningham Pistons 2024-25 Select Basketball #65 Blue Prizm cc688,,cc688-1995B6A,"1","FIXED_PRICE","AUD",3.99,,,3.99,"0","","","Jun-27-26 02:45:43 PDT","Jul-27-26 02:45:43 PDT","Trading Card Singles","261328","","","Ungraded","","","","Near mint or better","","AU","","",""
"800250833446",Klay Thompson Warriors 2019-20 Hoops Premium Stock #60 Prizms Silver Laser,,148-nt7pd-DF0D674,"1","FIXED_PRICE","AUD",3.79,,,3.79,"0","","","Jun-27-26 02:45:43 PDT","Jul-27-26 02:45:43 PDT","Trading Card Singles","261328","","","Ungraded","","","","Near mint or better","","AU","","",""
"800250833447",Paul George Philadelphia 76ers 2024-25 Panini Select #159 Silver Prizm,,444-E613D42-ED2C853,"1","FIXED_PRICE","AUD",3.79,,,3.79,"0","","","Jun-27-26 02:45:43 PDT","Jul-27-26 02:45:43 PDT","Trading Card Singles","261328","","","Ungraded","","","","Near mint or better","","AU","","",""
"800250833448",Chet Holmgren Rookie Thunder 2022-23 Chronicles Basketball #102 cc723,,cc723-DC0E4D0,"1","FIXED_PRICE","AUD",3.99,,,3.99,"0","","","Jun-27-26 02:45:43 PDT","Jul-27-26 02:45:43 PDT","Trading Card Singles","261328","","","Ungraded","","","","Near mint or better","","AU","","",""
"800250833449",Kevin Durant Phoenix Suns 2024-25 Panini Mosaic #21 Elevate Mosaic,,397-10F16B8-3157944,"1","FIXED_PRICE","AUD",3.79,,,3.79,"0","","","Jun-27-26 02:45:43 PDT","Jul-27-26 02:45:43 PDT","Trading Card Singles","261328","","","Ungraded","","","","Near mint or better","","AU","","",""
"800250833450",Donovan Mitchell Cavaliers 2024-25 Panini Mosaic #14 Thunder Road Mosaic,,428-8DAB150-2D951B9,"1","FIXED_PRICE","AUD",3.79,,,3.79,"0","","","Jun-27-26 02:45:43 PDT","Jul-27-26 02:45:43 PDT","Trading Card Singles","261328","","","Ungraded","","","","Near mint or better","","AU","","",""
"800250833451",Joel Embiid Philadelphia 76ers 2023-24 Panini Select #197 Green Shock Prizms NBA,,13-n0o96-1927292,"1","FIXED_PRICE","AUD",3.79,,,3.79,"0","","","Jun-27-26 02:45:43 PDT","Jul-27-26 02:45:43 PDT","Trading Card Singles","261328","","","Ungraded","","","","Near mint or better","","AU","","",""
"800250833452",Karl-Anthony Towns Minnesota Timberwolves 2020-21 Clearly Donruss #48 Gold,,267-pwy4a-4A38A5D,"1","FIXED_PRICE","AUD",3.79,,,3.79,"0","","","Jun-27-26 02:45:43 PDT","Jul-27-26 02:45:43 PDT","Trading Card Singles","261328","","","Ungraded","","","","Near mint or better","","AU","","",""
"800250833453",Jalen Johnson Rookie 2021-22 Panini Chronicles #207 Atlanta Hawks 642,,642-9D82E03,"1","FIXED_PRICE","AUD",3.79,,,3.79,"0","","","Jun-27-26 02:45:43 PDT","Jul-27-26 02:45:43 PDT","Trading Card Singles","261328","","","Ungraded","","","","Near mint or better","","AU","","",""
"800250833454",Jaren Jackson Jr. Memphis Grizzlies Rookie 2018-19 Panini Chronicles #42 Pink,,589-0EF534F,"1","FIXED_PRICE","AUD",3.79,,,3.79,"0","","","Jun-27-26 02:45:43 PDT","Jul-27-26 02:45:43 PDT","Trading Card Singles","261328","","","Ungraded","","","","Near mint or better","","AU","","",""
"800250833455",Paul Pierce Boston Celtics 2021-22 Panini Illusions #147 Asia,,178-nt7q7-F98671F,"1","FIXED_PRICE","AUD",3.79,,,3.79,"0","","","Jun-27-26 02:45:43 PDT","Jul-27-26 02:45:43 PDT","Trading Card Singles","261328","","","Ungraded","","","","Near mint or better","","AU","","",""
"800250833456",Rudy Gobert Utah Jazz 2021-22 Panini Prizm #239 Ruby Wave,,187-nt7qg-CC18D27,"1","FIXED_PRICE","AUD",3.79,,,3.79,"0","","","Jun-27-26 02:45:43 PDT","Jul-27-26 02:45:43 PDT","Trading Card Singles","261328","","","Ungraded","","","","Near mint or better","","AU","","",""
"800250833457",Ray Allen Boston Celtics 2021-22 Panini Illusions #123 Starlight,,92-nrsak-E5C910C,"1","FIXED_PRICE","AUD",3.79,,,3.79,"0","","","Jun-27-26 02:45:43 PDT","Jul-27-26 02:45:43 PDT","Trading Card Singles","261328","","","Ungraded","","","","Near mint or better","","AU","","",""
"800250833458",Anthony Davis Dallas Mavericks 2024-25 Panini Select #25 Silver Prizm,,395-81C8BF8-3CAC23A,"1","FIXED_PRICE","AUD",3.79,,,3.79,"0","","","Jun-27-26 02:45:43 PDT","Jul-27-26 02:45:43 PDT","Trading Card Singles","261328","","","Ungraded","","","","Near mint or better","","AU","","",""
"800250833460",Tim Duncan San Antonio Spurs 2021-22 Panini Illusions #127 Emerald,,91-nrsai-F0B8623,"1","FIXED_PRICE","AUD",3.79,,,3.79,"0","","","Jun-27-26 02:45:43 PDT","Jul-27-26 02:45:43 PDT","Trading Card Singles","261328","","","Ungraded","","","","Near mint or better","","AU","","",""
"800250833461",Karl-Anthony Towns Knicks 2024-25 Donruss Basketball #8 International cc694,,cc694-D7117E0,"1","FIXED_PRICE","AUD",3.99,,,3.99,"0","","","Jun-27-26 02:45:43 PDT","Jul-27-26 02:45:43 PDT","Trading Card Singles","261328","","","Ungraded","","","","Near mint or better","","AU","","",""
"800250833462",Chris Paul Suns 2021-22 Prizm Basketball #89 Red White and Blue cc676,,cc676-B7804FF,"1","FIXED_PRICE","AUD",3.99,,,3.99,"0","","","Jun-27-26 02:45:43 PDT","Jul-27-26 02:45:43 PDT","Trading Card Singles","261328","","","Ungraded","","","","Near mint or better","","AU","","",""
"800250833463",Chris Paul Suns 2021-22 Select Basketball #51 Blue Shimmer Prizms cc681,,cc681-6A83424,"1","FIXED_PRICE","AUD",3.99,,,3.99,"0","","","Jun-27-26 02:45:43 PDT","Jul-27-26 02:45:43 PDT","Trading Card Singles","261328","","","Ungraded","","","","Near mint or better","","AU","","",""
"800250833464",Jonathan Kuminga Golden State Warriors 2024-25 Panini Prizm #104 Prizms Ice,,217-ntcrd-DEE1D8A,"1","FIXED_PRICE","AUD",3.79,,,3.79,"0","","","Jun-27-26 02:45:43 PDT","Jul-27-26 02:45:43 PDT","Trading Card Singles","261328","","","Ungraded","","","","Near mint or better","","AU","","",""
"800250833465",Jaden McDaniels Timberwolves 2024-25 Prizm NBA #175 Red White and Blue cc684,,cc684-7027C7F,"1","FIXED_PRICE","AUD",3.99,,,3.99,"0","","","Jun-27-26 02:45:43 PDT","Jul-27-26 02:45:43 PDT","Trading Card Singles","261328","","","Ungraded","","","","Near mint or better","","AU","","",""
"800250833466",Franz Wagner Rookie Orlando Magic 2021-22 Panini Chronicles Basketball #90 cc725,,cc725-97E72F7,"1","FIXED_PRICE","AUD",3.99,,,3.99,"0","","","Jun-27-26 02:45:43 PDT","Jul-27-26 02:45:43 PDT","Trading Card Singles","261328","","","Ungraded","","","","Near mint or better","","AU","","",""
"800250833467",Chet Holmgren Rookie Thunder 2022-23 Hoops Basketball #232 cc721,,cc721-BF785B9,"1","FIXED_PRICE","AUD",3.99,,,3.99,"0","","","Jun-27-26 02:45:43 PDT","Jul-27-26 02:45:43 PDT","Trading Card Singles","261328","","","Ungraded","","","","Near mint or better","","AU","","",""
"800250833468",RJ Barrett Toronto Raptors 2024-25 Panini Mosaic #158 Mosaic,,391-A935716-EA697CE,"1","FIXED_PRICE","AUD",3.79,,,3.79,"0","","","Jun-27-26 02:45:43 PDT","Jul-27-26 02:45:43 PDT","Trading Card Singles","261328","","","Ungraded","","","","Near mint or better","","AU","","",""
"800250833469",Jalen Suggs Orlando Magic Rookie 2021-22 Panini Illusions #155 Emerald,,588-8D3736F,"1","FIXED_PRICE","AUD",3.79,,,3.79,"0","","","Jun-27-26 02:45:43 PDT","Jul-27-26 02:45:43 PDT","Trading Card Singles","261328","","","Ungraded","","","","Near mint or better","","AU","","",""
"800250833470",Kris Murray Rookie Blazers 2023-24 Panini Hoops Premium Seismic Prizm NBA,,CDP-91F1C73-A193B6E,"1","FIXED_PRICE","AUD",3.79,,,3.79,"0","","","Jun-27-26 02:45:43 PDT","Jul-27-26 02:45:43 PDT","Trading Card Singles","261328","","","Ungraded","","","","Near mint or better","","AU","","",""
"800250833471",Deni Avdija Wizards 2021-22 NBA Panini Prizm #79  Green,,6-n0o8c-A132B71,"1","FIXED_PRICE","AUD",3.79,,,3.79,"0","","","Jun-27-26 02:45:43 PDT","Jul-27-26 02:45:43 PDT","Trading Card Singles","261328","","","Ungraded","","","","Near mint or better","","AU","","",""
"800250833472",Alperen Sengun Rockets 2024-25 Prizm NBA #201 Prizms Red White and Blue cc683,,cc683-633AA05,"1","FIXED_PRICE","AUD",3.99,,,3.99,"0","","","Jun-27-26 02:45:43 PDT","Jul-27-26 02:45:43 PDT","Trading Card Singles","261328","","","Ungraded","","","","Near mint or better","","AU","","",""
"800250833473",RJ Barrett New York Knicks 2022-23 Panini Select #33 Blue Prizms,,240-ntcs0-E592E90,"1","FIXED_PRICE","AUD",3.79,,,3.79,"0","","","Jun-27-26 02:45:43 PDT","Jul-27-26 02:45:43 PDT","Trading Card Singles","261328","","","Ungraded","","","","Near mint or better","","AU","","",""
"800250833474",Jason Kidd New Jersey Nets 2023-24 Panini Prizm #194 Prizms Green,,99-nrsb1-8E836C8,"1","FIXED_PRICE","AUD",3.79,,,3.79,"0","","","Jun-27-26 02:45:43 PDT","Jul-27-26 02:45:43 PDT","Trading Card Singles","261328","","","Ungraded","","","","Near mint or better","","AU","","",""
"800250833475",Trey Murphy III Rookie New Orleans Pelicans 2021-22 Hoops Basketball #221 cc718,,cc718-FA80985,"1","FIXED_PRICE","AUD",3.99,,,3.99,"0","","","Jun-27-26 02:45:43 PDT","Jul-27-26 02:45:43 PDT","Trading Card Singles","261328","","","Ungraded","","","","Near mint or better","","AU","","",""
"800250833476",Bam Adebayo Miami Heat 2024-25 Panini Revolution #58 Blue Storm,,168-nt7px-D50DFA1,"1","FIXED_PRICE","AUD",3.79,,,3.79,"0","","","Jun-27-26 02:45:43 PDT","Jul-27-26 02:45:43 PDT","Trading Card Singles","261328","","","Ungraded","","","","Near mint or better","","AU","","",""
"800250833477",Jalen Duren Rookie Pistons 2022-23 Chronicles Basketball #276 cc724,,cc724-CB78D9E,"1","FIXED_PRICE","AUD",3.99,,,3.99,"0","","","Jun-27-26 02:45:43 PDT","Jul-27-26 02:45:43 PDT","Trading Card Singles","261328","","","Ungraded","","","","Near mint or better","","AU","","",""
"800250833478",Alperen Sengun Rookie 2021-22 Panini Chronicles #243 Houston Rockets,,612-9D4AE46,"1","FIXED_PRICE","AUD",3.79,,,3.79,"0","","","Jun-27-26 02:45:43 PDT","Jul-27-26 02:45:43 PDT","Trading Card Singles","261328","","","Ungraded","","","","Near mint or better","","AU","","",""
"800250833479",Bam Adebayo Miami Heat 2021-22 Panini Prizm #1 Dominance Prizms Green Wave,,154-nt7pj-C27CA1E,"1","FIXED_PRICE","AUD",3.79,,,3.79,"0","","","Jun-27-26 02:45:43 PDT","Jul-27-26 02:45:43 PDT","Trading Card Singles","261328","","","Ungraded","","","","Near mint or better","","AU","","",""
"800250833480",Jalen Johnson Rookie Hawks 2021-22 Chronicles Basketball #207 cc729,,cc729-5D5E740,"1","FIXED_PRICE","AUD",3.99,,,3.99,"0","","","Jun-27-26 02:45:43 PDT","Jul-27-26 02:45:43 PDT","Trading Card Singles","261328","","","Ungraded","","","","Near mint or better","","AU","","",""
"800250833481",Trey Murphy III Pelicans 2024-25 Panini Prizm #173 Prizms Red White and Blue,,215-ntcrb-1B8C5BA,"1","FIXED_PRICE","AUD",3.79,,,3.79,"0","","","Jun-27-26 02:45:43 PDT","Jul-27-26 02:45:43 PDT","Trading Card Singles","261328","","","Ungraded","","","","Near mint or better","","AU","","",""
"800250833482",Tristan da Silva Rookie Magic 2024-25 Prizm Instant Impact Prizms Silver #20 NBA,,CDP-7A80981-4794E18,"1","FIXED_PRICE","AUD",3.79,,,3.79,"0","","","Jun-27-26 02:45:43 PDT","Jul-27-26 02:45:43 PDT","Trading Card Singles","261328","","","Ungraded","","","","Near mint or better","","AU","Does Not Apply","",""
"800250833483",Grant Hill / Anfernee Hardaway TOP Rookie 1994-95 Hoops #423 cc630,,cc630,"1","FIXED_PRICE","AUD",3.79,,,3.79,"0","","","Jun-27-26 02:45:43 PDT","Jul-27-26 02:45:43 PDT","Trading Card Singles","261328","","","Ungraded","","","","Near mint or better","","AU","","",""
"800250833485",LaMelo Ball Charlotte Hornets 2022-23 Panini Mosaic #151 Green,,390-3622612-98F8C9F,"1","FIXED_PRICE","AUD",3.79,,,3.79,"0","","","Jun-27-26 02:45:43 PDT","Jul-27-26 02:45:43 PDT","Trading Card Singles","261328","","","Ungraded","","","","Near mint or better","","AU","","",""
"800250833486",Magic Johnson Los Angeles Lakers 2020-21 Panini Flux #181 Silver,,432-193C247-C5711D1,"1","FIXED_PRICE","AUD",3.79,,,3.79,"0","","","Jun-27-26 02:45:43 PDT","Jul-27-26 02:45:43 PDT","Trading Card Singles","261328","","","Ungraded","","","","Near mint or better","","AU","","",""
"800250833487",Karl-Anthony Towns New York Knicks 2024-25 Panini Revolution #87 Blue Storm,,127-nt7os-499BDF3,"1","FIXED_PRICE","AUD",3.79,,,3.79,"0","","","Jun-27-26 02:45:43 PDT","Jul-27-26 02:45:43 PDT","Trading Card Singles","261328","","","Ungraded","","","","Near mint or better","","AU","","",""
"800250833488",Dominique Wilkins Atlanta Hawks 2021-22 Panini Prizm #252 Green,,139-nt7p4-EBC2AA7,"1","FIXED_PRICE","AUD",3.79,,,3.79,"0","","","Jun-27-26 02:45:43 PDT","Jul-27-26 02:45:43 PDT","Trading Card Singles","261328","","","Ungraded","","","","Near mint or better","","AU","","",""
"800250833489",Kawhi Leonard Clippers 2023-24 Panini Select #24 Green White Purple Prizms,,123-nt7oo-D09B37A,"1","FIXED_PRICE","AUD",3.79,,,3.79,"0","","","Jun-27-26 02:45:43 PDT","Jul-27-26 02:45:43 PDT","Trading Card Singles","261328","","","Ungraded","","","","Near mint or better","","AU","","",""
"800250833490",Tyler Herro Miami Heat 2024-25 Topps Chrome Basketball #79 Refractor cc657,,cc657-D2CD05F,"1","FIXED_PRICE","AUD",3.99,,,3.99,"0","","","Jun-27-26 02:45:43 PDT","Jul-27-26 02:45:43 PDT","Trading Card Singles","261328","","","Ungraded","","","","Near mint or better","","AU","","",""
"800250833491",Tyrese Haliburton Rookie 2020-21 Panini Chronicles #291 Sacramento Kings,,611-9B95206,"1","FIXED_PRICE","AUD",3.79,,,3.79,"0","","","Jun-27-26 02:45:43 PDT","Jul-27-26 02:45:43 PDT","Trading Card Singles","261328","","","Ungraded","","","","Near mint or better","","AU","","",""
"800250833492",Tyrese Haliburton Rookie 2020-21 Panini Chronicles #188 Sacramento Kings,,621-56E30C2,"1","FIXED_PRICE","AUD",3.79,,,3.79,"0","","","Jun-27-26 02:45:43 PDT","Jul-27-26 02:45:43 PDT","Trading Card Singles","261328","","","Ungraded","","","","Near mint or better","","AU","","",""
"800250833493", Klay Thompson Warriors  2023-24 Panini Select #3 Blue Prizm NBA,,CDP-640E764-3640343,"1","FIXED_PRICE","AUD",3.79,,,3.79,"0","","","Jun-27-26 02:45:43 PDT","Jul-27-26 02:45:43 PDT","Trading Card Singles","261328","","","Ungraded","","","","Near mint or better","","AU","","",""
"800250833494",Dereck Lively II Rookie Dallas Mavericks 2023-24 Hoops Basketball #241 cc685,,cc685-7284CFC,"1","FIXED_PRICE","AUD",3.99,,,3.99,"0","","","Jun-27-26 02:45:43 PDT","Jul-27-26 02:45:43 PDT","Trading Card Singles","261328","","","Ungraded","","","","Near mint or better","","AU","","",""
"800250833495",Tyrese Haliburton Rookie Kings 2020-21 Panini Chronicles Basketball #188 cc695,,cc695-738B803,"1","FIXED_PRICE","AUD",3.99,,,3.99,"0","","","Jun-27-26 02:45:43 PDT","Jul-27-26 02:45:43 PDT","Trading Card Singles","261328","","","Ungraded","","","","Near mint or better","","AU","","",""
"800250833496",Kyrie Irving Nets 2021-22 Select Basketball #80 Orange Flash Prizms cc679,,cc679-D3A6638,"1","FIXED_PRICE","AUD",3.99,,,3.99,"0","","","Jun-27-26 02:45:43 PDT","Jul-27-26 02:45:43 PDT","Trading Card Singles","261328","","","Ungraded","","","","Near mint or better","","AU","","",""
"800250833497",Jaren Jackson Jr Rookie Grizzlies 2018-19 NBA Chronicles Basketball Pink Foil,,CDP-4580512-A6E211D,"1","FIXED_PRICE","AUD",3.79,,,3.79,"0","","","Jun-27-26 02:45:43 PDT","Jul-27-26 02:45:43 PDT","Trading Card Singles","261328","","","Ungraded","","","","Near mint or better","","AU","","",""
"800250833498", Alperen Şengün Houston Rockets 2023-24 Prizm Basketball Green Prizm #20 NBA,,CDP-373C144-6ECAAAC,"1","FIXED_PRICE","AUD",3.79,,,3.79,"0","","","Jun-27-26 02:45:43 PDT","Jul-27-26 02:45:43 PDT","Trading Card Singles","261328","","","Ungraded","","","","Near mint or better","","AU","","",""
"800250833499",Tyrese Haliburton Rookie 2020-21 Panini Chronicles #149 Sacramento Kings,,618-E8402AA,"1","FIXED_PRICE","AUD",3.79,,,3.79,"0","","","Jun-27-26 02:45:43 PDT","Jul-27-26 02:45:43 PDT","Trading Card Singles","261328","","","Ungraded","","","","Near mint or better","","AU","","",""
"800250833500",Jalen Johnson Rookie 2021-22 Panini Chronicles #172 Atlanta Hawks,,615-40F3698,"1","FIXED_PRICE","AUD",3.79,,,3.79,"0","","","Jun-27-26 02:45:44 PDT","Jul-27-26 02:45:44 PDT","Trading Card Singles","261328","","","Ungraded","","","","Near mint or better","","AU","","",""
"800250833501",Chris Webber Kings 2021-22 Prizm Basketball #263 Red White and Blue cc678,,cc678-1CF67B7,"1","FIXED_PRICE","AUD",3.99,,,3.99,"0","","","Jun-27-26 02:45:43 PDT","Jul-27-26 02:45:43 PDT","Trading Card Singles","261328","","","Ungraded","","","","Near mint or better","","AU","","",""
"800250833502",Bradley Beal Washington Wizards 2020-21 Panini Contenders #12 MVP Contenders,,263-pwy43-E1D6237,"1","FIXED_PRICE","AUD",3.79,,,3.79,"0","","","Jun-27-26 02:45:43 PDT","Jul-27-26 02:45:43 PDT","Trading Card Singles","261328","","","Ungraded","","","","Near mint or better","","AU","","",""
"800250833503",Anthony Davis Dallas Mavericks 2024-25 Panini Select #25 Blue Prizm,,100-nrsb4-168BCD8,"1","FIXED_PRICE","AUD",3.79,,,3.79,"0","","","Jun-27-26 02:45:43 PDT","Jul-27-26 02:45:43 PDT","Trading Card Singles","261328","","","Ungraded","","","","Near mint or better","","AU","","",""
"800250833504",Evan Mobley Cleveland Cavaliers 2024-25 Panini Select #112 Blue Prizm,,419-BC601E4-CC24143,"1","FIXED_PRICE","AUD",3.79,,,3.79,"0","","","Jun-27-26 02:45:44 PDT","Jul-27-26 02:45:44 PDT","Trading Card Singles","261328","","","Ungraded","","","","Near mint or better","","AU","","",""
"800250833505",Paolo Banchero Duke 2022 Chronicles Draft Picks Basketball Power Formulas cc719,,cc719-1B8A42F,"1","FIXED_PRICE","AUD",3.99,,,3.99,"0","","","Jun-27-26 02:45:43 PDT","Jul-27-26 02:45:43 PDT","Trading Card Singles","261328","","","Ungraded","","","","Near mint or better","","AU","","",""
"800250833506",Jaylen Brown Boston Celtics 2021-22 NBA Panini Select #67 Orange Flash Prizms,,2-n0o84-F7CC3D2,"1","FIXED_PRICE","AUD",3.79,,,3.79,"0","","","Jun-27-26 02:45:43 PDT","Jul-27-26 02:45:43 PDT","Trading Card Singles","261328","","","Ungraded","","","","Near mint or better","","AU","","",""
"800250833507",Bam Adebayo Miami Heat 2022-23 Donruss Optic Basketball #174 Purple cc667,,cc667-DA6BE10,"1","FIXED_PRICE","AUD",3.99,,,3.99,"0","","","Jun-27-26 02:45:43 PDT","Jul-27-26 02:45:43 PDT","Trading Card Singles","261328","","","Ungraded","","","","Near mint or better","","AU","","",""
"800250833508",Jason Williams Sacramento Kings 2023-24 Panini Phoenix #225 Phoenix Teal Lazer,,415-0E3257C-ECC2B03,"1","FIXED_PRICE","AUD",3.79,,,3.79,"0","","","Jun-27-26 02:45:43 PDT","Jul-27-26 02:45:43 PDT","Trading Card Singles","261328","","","Ungraded","","","","Near mint or better","","AU","","",""
"800250833509",Joel Embiid Philadelphia 76ers 2024-25 Panini Select #6 Silver Prizm,,423-F0DF176-8AE4F11,"1","FIXED_PRICE","AUD",3.79,,,3.79,"0","","","Jun-27-26 02:45:43 PDT","Jul-27-26 02:45:43 PDT","Trading Card Singles","261328","","","Ungraded","","","","Near mint or better","","AU","","",""
"800250833510",Evan Mobley Rookie 2021-22 Panini Mosaic #258 Cleveland Cavaliers,,610-B7ECED9,"1","FIXED_PRICE","AUD",3.79,,,3.79,"0","","","Jun-27-26 02:45:44 PDT","Jul-27-26 02:45:44 PDT","Trading Card Singles","261328","","","Ungraded","","","","Near mint or better","","AU","","",""
"800250833511",Joel Embiid Philadelphia 76ers 2024-25 Panini Select #6 Green White Purple Prizm,,417-AAECE6F-3212D13,"1","FIXED_PRICE","AUD",3.79,,,3.79,"0","","","Jun-27-26 02:45:44 PDT","Jul-27-26 02:45:44 PDT","Trading Card Singles","261328","","","Ungraded","","","","Near mint or better","","AU","","",""
"800250833512",Amen Thompson Houston Rockets 2024-25 Panini Select #59 Blue Cracked Ice Prizm,,394-AACF01D-815E753,"1","FIXED_PRICE","AUD",3.79,,,3.79,"0","","","Jun-27-26 02:45:43 PDT","Jul-27-26 02:45:43 PDT","Trading Card Singles","261328","","","Ungraded","","","","Near mint or better","","AU","","",""
"800250833513",Jalen Brunson New York Knicks 2024-25 Donruss Optic #78 Purple,,251-pwy3o-325EC11,"1","FIXED_PRICE","AUD",3.79,,,3.79,"0","","","Jun-27-26 02:45:44 PDT","Jul-27-26 02:45:44 PDT","Trading Card Singles","261328","","","Ungraded","","","","Near mint or better","","AU","","",""
"800250833514",Amen Thompson Houston Rockets Rookie 2023-24 Panini Phoenix #300,,559-3E6E90E,"1","FIXED_PRICE","AUD",3.79,,,3.79,"0","","","Jun-27-26 02:45:43 PDT","Jul-27-26 02:45:43 PDT","Trading Card Singles","261328","","","Ungraded","","","","Near mint or better","","AU","","",""
"800250833515",Manu Ginobili San Antonio Spurs 2023-24 Panini Phoenix #49 Phoenix Teal Lazer,,400-B05973D-315B23B,"1","FIXED_PRICE","AUD",3.79,,,3.79,"0","","","Jun-27-26 02:45:43 PDT","Jul-27-26 02:45:43 PDT","Trading Card Singles","261328","","","Ungraded","","","","Near mint or better","","AU","","",""
"800250833516",Tyrese Haliburton Indiana Pacers 2025-26 Topps #47 Rainbow Foilboard,,410-6E25065-04B917C,"1","FIXED_PRICE","AUD",3.79,,,3.79,"0","","","Jun-27-26 02:45:44 PDT","Jul-27-26 02:45:44 PDT","Trading Card Singles","261328","","","Ungraded","","","","Near mint or better","","AU","","",""
"800250833517",Jaylen Brown Celtics 2021-22 Illusions #5 Intriguing Players Asia Red and Yellow,,177-nt7q6-C36089F,"1","FIXED_PRICE","AUD",3.79,,,3.79,"0","","","Jun-27-26 02:45:44 PDT","Jul-27-26 02:45:44 PDT","Trading Card Singles","261328","","","Ungraded","","","","Near mint or better","","AU","","",""
"800250833518",Joel Embiid Philadelphia 76ers 2022-23 Panini Mosaic #141 Red Wave,,146-nt7pb-4CBB0DD,"1","FIXED_PRICE","AUD",3.79,,,3.79,"0","","","Jun-27-26 02:45:44 PDT","Jul-27-26 02:45:44 PDT","Trading Card Singles","261328","","","Ungraded","","","","Near mint or better","","AU","","",""
"800250833519",John Stockton Utah Jazz 2025-26 Topps Chrome #250 Refractor,,407-BA49B8D-BCA7DD4,"1","FIXED_PRICE","AUD",3.79,,,3.79,"0","","","Jun-27-26 02:45:44 PDT","Jul-27-26 02:45:44 PDT","Trading Card Singles","261328","","","Ungraded","","","","Near mint or better","","AU","","",""
"800250833520",Amen Thompson Rockets 2023-24 Donruss Optic Basketball #15 Lights Out cc646,,cc646-D2286C3,"1","FIXED_PRICE","AUD",3.99,,,3.99,"0","","","Jun-27-26 02:45:43 PDT","Jul-27-26 02:45:43 PDT","Trading Card Singles","261328","","","Ungraded","","","","Near mint or better","","AU","","",""
"800250833521",Lauri Markkanen Utah Jazz 2022-23 Hoops #69 Teal Explosion,,196-nt7qp-976CAD3,"1","FIXED_PRICE","AUD",3.79,,,3.79,"0","","","Jun-27-26 02:45:44 PDT","Jul-27-26 02:45:44 PDT","Trading Card Singles","261328","","","Ungraded","","","","Near mint or better","","AU","","",""
"800250833522",Joel Embiid Philadelphia 76ers 2020-21 Panini Contenders #6 Game Night Ticket,,256-pwy3u-1D7F292,"1","FIXED_PRICE","AUD",3.79,,,3.79,"0","","","Jun-27-26 02:45:44 PDT","Jul-27-26 02:45:44 PDT","Trading Card Singles","261328","","","Ungraded","","","","Near mint or better","","AU","","",""
"800250833523",Kevin Durant Brooklyn Nets 2021-22 Panini Mosaic #2 Montage Mosaic,,46-nglns-B207EF1,"1","FIXED_PRICE","AUD",3.79,,,3.79,"0","","","Jun-27-26 02:45:44 PDT","Jul-27-26 02:45:44 PDT","Trading Card Singles","261328","","","Ungraded","","","","Near mint or better","","AU","","",""
"800250833524",Kareem Abdul-Jabbar Lakers 2024-25 Donruss Optic NBA #228 Hyper Pink cc653,,cc653-F355D77,"1","FIXED_PRICE","AUD",3.99,,,3.99,"0","","","Jun-27-26 02:45:43 PDT","Jul-27-26 02:45:43 PDT","Trading Card Singles","261328","","","Ungraded","","","","Near mint or better","","AU","","",""
"800250833525",Kevin Love Miami Heat 2022-23 Panini Mosaic #42 Green,,392-8E87568-3B3D82B,"1","FIXED_PRICE","AUD",3.79,,,3.79,"0","","","Jun-27-26 02:45:44 PDT","Jul-27-26 02:45:44 PDT","Trading Card Singles","261328","","","Ungraded","","","","Near mint or better","","AU","","",""
"800250833526",Chet Holmgren Thunder 2023-24 Panini Hoops Premium Stock #38 Silver Prizm NBA,,CDP-0BF539A-6FC1C3B,"1","FIXED_PRICE","AUD",3.79,,,3.79,"0","","","Jun-27-26 02:45:44 PDT","Jul-27-26 02:45:44 PDT","Trading Card Singles","261328","","","Ungraded","","","","Near mint or better","","AU","","",""
"800250833527",Kyrie Irving Dallas Mavericks 2023-24 Donruss Optic Basketball #22 Holo cc651,,cc651-97A953D,"1","FIXED_PRICE","AUD",3.99,,,3.99,"0","","","Jun-27-26 02:45:43 PDT","Jul-27-26 02:45:43 PDT","Trading Card Singles","261328","","","Ungraded","","","","Near mint or better","","AU","","",""
"800250833528",Austin Reaves Los Angeles Lakers 2024-25 Panini Select #40 Blue Prizm,,386-1FE6D0C-0DCD16D,"1","FIXED_PRICE","AUD",3.79,,,3.79,"0","","","Jun-27-26 02:45:44 PDT","Jul-27-26 02:45:44 PDT","Trading Card Singles","261328","","","Ungraded","","","","Near mint or better","","AU","","",""
"800250833529",Joel Embiid Philadelphia 76ers 2021-22 Panini Mosaic #290 Red,,147-nt7pc-6C9354F,"1","FIXED_PRICE","AUD",3.79,,,3.79,"0","","","Jun-27-26 02:45:44 PDT","Jul-27-26 02:45:44 PDT","Trading Card Singles","261328","","","Ungraded","","","","Near mint or better","","AU","","",""
"800250833530",Russell Westbrook Lakers 2021-22 Donruss Optic #30 75 Years of the NBA,,54-nglo0-528F069,"1","FIXED_PRICE","AUD",3.79,,,3.79,"0","","","Jun-27-26 02:45:44 PDT","Jul-27-26 02:45:44 PDT","Trading Card Singles","261328","","","Ungraded","","","","Near mint or better","","AU","","",""
"800250833531",Kristaps Porzingis Dallas Mavericks 2020-21 Panini Prizm #18 Silver Prizms,,413-5E5DF88-CBF36D9,"1","FIXED_PRICE","AUD",3.79,,,3.79,"0","","","Jun-27-26 02:45:44 PDT","Jul-27-26 02:45:44 PDT","Trading Card Singles","261328","","","Ungraded","","","","Near mint or better","","AU","","",""
"800250833532",Stephon Marbury Phoenix Suns 2021-22 NBA Panini Prizm #277  Silver ,,3-n0o85-60C6B15,"1","FIXED_PRICE","AUD",3.79,,,3.79,"0","","","Jun-27-26 02:45:44 PDT","Jul-27-26 02:45:44 PDT","Trading Card Singles","261328","","","Ungraded","","","","Near mint or better","","AU","","",""
"800250833533",Pete Maravich New Orleans Jazz 2022-23 Panini Prizm #286 Prizms Fast Break,,461-1EC1ADA-33B8C11,"1","FIXED_PRICE","AUD",3.79,,,3.79,"0","","","Jun-27-26 02:45:44 PDT","Jul-27-26 02:45:44 PDT","Trading Card Singles","261328","","","Ungraded","","","","Near mint or better","","AU","","",""
"800250833534",Paolo Banchero Orlando Magic 2024-25 Panini Mosaic #10 Elevate Mosaic,,396-CFA5063-5798A56,"1","FIXED_PRICE","AUD",3.79,,,3.79,"0","","","Jun-27-26 02:45:44 PDT","Jul-27-26 02:45:44 PDT","Trading Card Singles","261328","","","Ungraded","","","","Near mint or better","","AU","","",""
"800250833535",Paolo Banchero Orlando Magic 2024-25 Donruss #2 Holo Green Laser,,183-nt7qc-8E9A384,"1","FIXED_PRICE","AUD",3.79,,,3.79,"0","","","Jun-27-26 02:45:44 PDT","Jul-27-26 02:45:44 PDT","Trading Card Singles","261328","","","Ungraded","","","","Near mint or better","","AU","","",""
"800250833536",Julius Randle Timberwolves 2024-25 Panini Select #45 Orange Flash Prizm,,420-5737D47-F1581CF,"1","FIXED_PRICE","AUD",3.79,,,3.79,"0","","","Jun-27-26 02:45:44 PDT","Jul-27-26 02:45:44 PDT","Trading Card Singles","261328","","","Ungraded","","","","Near mint or better","","AU","","",""
"800250833537",Zion Williamson Pelicans 2020-21 Panini Revolution #29 Vortex Fractal,,278-pwy4n-4651474,"1","FIXED_PRICE","AUD",3.79,,,3.79,"0","","","Jun-27-26 02:45:44 PDT","Jul-27-26 02:45:44 PDT","Trading Card Singles","261328","","","Ungraded","","","","Near mint or better","","AU","","",""
"800250833538",Jayson Tatum Boston Celtics 2024-25 Panini Select #2 Blue Prizm,,421-8CA77A6-1D4E25D,"1","FIXED_PRICE","AUD",3.79,,,3.79,"0","","","Jun-27-26 02:45:44 PDT","Jul-27-26 02:45:44 PDT","Trading Card Singles","261328","","","Ungraded","","","","Near mint or better","","AU","","",""
"800250833540",Lauri Markkanen Utah Jazz 2022-23 Panini Select #145 Green Shock Prizms,,245-ntcs5-809D844,"1","FIXED_PRICE","AUD",3.79,,,3.79,"0","","","Jun-27-26 02:45:44 PDT","Jul-27-26 02:45:44 PDT","Trading Card Singles","261328","","","Ungraded","","","","Near mint or better","","AU","","",""
"800250833544",Herbert Jones Rookie Pelicans 2021-22 Panini Illusions  Asia RC #183,,CDP-1132EA8-AF78CF4,"1","FIXED_PRICE","AUD",3.79,,,3.79,"0","","","Jun-27-26 02:45:44 PDT","Jul-27-26 02:45:44 PDT","Trading Card Singles","261328","","","Ungraded","","","","Near mint or better","","AU","","",""
"800250833546",Kevin Garnett Boston Celtics 2025-26 Topps Chrome #247 RayWave Refractor,,446-2018EAC-6B1BBE3,"1","FIXED_PRICE","AUD",3.79,,,3.79,"0","","","Jun-27-26 02:45:44 PDT","Jul-27-26 02:45:44 PDT","Trading Card Singles","261328","","","Ungraded","","","","Near mint or better","","AU","","",""
"800250833547",Chris Paul Phoenix Suns 2022-23 Panini Select #50 Red Cracked Ice Prizms,,414-E9106A4-81B0E5B,"1","FIXED_PRICE","AUD",3.79,,,3.79,"0","","","Jun-27-26 02:45:44 PDT","Jul-27-26 02:45:44 PDT","Trading Card Singles","261328","","","Ungraded","","","","Near mint or better","","AU","","",""
"800250833549",Kristaps Porzingis Mavericks 2020-21 Panini Select #105 Green White Purple,,385-6CA97B4-A3901BE,"1","FIXED_PRICE","AUD",3.79,,,3.79,"0","","","Jun-27-26 02:45:44 PDT","Jul-27-26 02:45:44 PDT","Trading Card Singles","261328","","","Ungraded","","","","Near mint or better","","AU","","",""
"800250833550",Chet Holmgren Rookie 2022-23 Panini Chronicles #269 Oklahoma City Thunder,,613-614987C,"1","FIXED_PRICE","AUD",3.79,,,3.79,"0","","","Jun-27-26 02:45:44 PDT","Jul-27-26 02:45:44 PDT","Trading Card Singles","261328","","","Ungraded","","","","Near mint or better","","AU","","",""
"800250833551",Kevin Durant Phoenix Suns 2022-23 Panini Chronicles #195 Pink,,403-FA92DCA-B8D041E,"1","FIXED_PRICE","AUD",3.79,,,3.79,"0","","","Jun-27-26 02:45:44 PDT","Jul-27-26 02:45:44 PDT","Trading Card Singles","261328","","","Ungraded","","","","Near mint or better","","AU","","",""
"800250833552",Devin Booker Phoenix Suns 2019-20 Hoops Premium Stock #149 Prizms Red Flash,,465-56DD417-5EEFA5A,"1","FIXED_PRICE","AUD",3.79,,,3.79,"0","1","0","Jun-27-26 02:45:44 PDT","Jul-27-26 02:45:44 PDT","Trading Card Singles","261328","","","Ungraded","","","","Near mint or better","","AU","","",""
"800250833553",Tyrese Haliburton Rookie 2020-21 Panini Chronicles #73 Sacramento Kings,,620-6EF72F5,"1","FIXED_PRICE","AUD",3.79,,,3.79,"0","","","Jun-27-26 02:45:44 PDT","Jul-27-26 02:45:44 PDT","Trading Card Singles","261328","","","Ungraded","","","","Near mint or better","","AU","","",""
"800250833554",Al Horford Boston Celtics 2023-24 Panini Phoenix #91 Phoenix Teal Lazer,,429-AD38B62-F15D3C8,"1","FIXED_PRICE","AUD",3.79,,,3.79,"0","","","Jun-27-26 02:45:44 PDT","Jul-27-26 02:45:44 PDT","Trading Card Singles","261328","","","Ungraded","","","","Near mint or better","","AU","","",""
"800250833555",Jalen Suggs Rookie 2021-22 Panini Chronicles #616 Orlando Magic Pink,,608-957D17C,"1","FIXED_PRICE","AUD",3.79,,,3.79,"0","","","Jun-27-26 02:45:44 PDT","Jul-27-26 02:45:44 PDT","Trading Card Singles","261328","","","Ungraded","","","","Near mint or better","","AU","","",""
"800250833556",Brandon Ingram Toronto Raptors 2024-25 Panini Select #44 Tri-Color Prizm,,434-31BF5A9-80DB142,"1","FIXED_PRICE","AUD",3.79,,,3.79,"0","","","Jun-27-26 02:45:44 PDT","Jul-27-26 02:45:44 PDT","Trading Card Singles","261328","","","Ungraded","","","","Near mint or better","","AU","","",""
"800250833557",Paolo Banchero Rookie 2022-23 Panini Chronicles #99 Orlando Magic 627,,627-DB1273B,"1","FIXED_PRICE","AUD",3.79,,,3.79,"0","","","Jun-27-26 02:45:44 PDT","Jul-27-26 02:45:44 PDT","Trading Card Singles","261328","","","Ungraded","","","","Near mint or better","","AU","","",""
"800250833558",Kristaps Porzingis Washington Wizards 2021-22 Panini Mosaic #153 Green,,404-1597FEA-5C4D3A2,"1","FIXED_PRICE","AUD",3.79,,,3.79,"0","","","Jun-27-26 02:45:44 PDT","Jul-27-26 02:45:44 PDT","Trading Card Singles","261328","","","Ungraded","","","","Near mint or better","","AU","","",""
"800250833559",Tyrese Haliburton Rookie 2020-21 Panini Chronicles #91 Sacramento Kings,,619-46CF035,"1","FIXED_PRICE","AUD",3.79,,,3.79,"0","","","Jun-27-26 02:45:44 PDT","Jul-27-26 02:45:44 PDT","Trading Card Singles","261328","","","Ungraded","","","","Near mint or better","","AU","","",""
"800250833560",Lauri Markkanen Utah Jazz 2024-25 Panini Select #136 Blue Prizm,,451-1F93C7F-078FD15,"1","FIXED_PRICE","AUD",3.79,,,3.79,"0","","","Jun-27-26 02:45:44 PDT","Jul-27-26 02:45:44 PDT","Trading Card Singles","261328","","","Ungraded","","","","Near mint or better","","AU","","",""
"800250833562",Damian Lillard Portland Trail Blazers 2022-23 Panini Mosaic #38 Red Wave,,463-D8D4109-EF84F28,"1","FIXED_PRICE","AUD",3.79,,,3.79,"0","","","Jun-27-26 02:45:44 PDT","Jul-27-26 02:45:44 PDT","Trading Card Singles","261328","","","Ungraded","","","","Near mint or better","","AU","","",""
"800250833573",Giannis Antetokounmpo Bucks 2023-24 Hoops NBA #147 Neon Green cc661,,cc661-D48CA57,"1","FIXED_PRICE","AUD",3.99,,,3.99,"0","","","Jun-27-26 02:45:45 PDT","Jul-27-26 02:45:45 PDT","Trading Card Singles","261328","","","Ungraded","","","","Near mint or better","","AU","","",""
"800250833574",Ajay Mitchell Rookie OKC 2024-25 Panini Mosaic Basketball #204 cc660,,cc660-1C3E79D,"1","FIXED_PRICE","AUD",3.99,,,3.99,"0","","","Jun-27-26 02:45:45 PDT","Jul-27-26 02:45:45 PDT","Trading Card Singles","261328","","","Ungraded","","","","Near mint or better","","AU","","",""
"800250833576",Kevin Garnett 2024-25 Topps Chrome #44 Blue Basketball Refractor cc656,,cc656-34379D7,"1","FIXED_PRICE","AUD",3.99,,,3.99,"0","","","Jun-27-26 02:45:45 PDT","Jul-27-26 02:45:45 PDT","Trading Card Singles","261328","","","Ungraded","","","","Near mint or better","","AU","","",""
"800250833578",Jaylen Brown Celtics 2023-24 Hoops Premium Stock Basketball #81 Ice Prizm cc650,,cc650,"1","FIXED_PRICE","AUD",3.99,,,3.99,"0","","","Jun-27-26 02:45:45 PDT","Jul-27-26 02:45:45 PDT","Trading Card Singles","261328","","","Ungraded","","","","Near mint or better","","AU","","",""
"800250833579",Bronny James Jr. Lakers 2024-25 Finest Basketball #A-2 Arrivals Refractor cc645,,cc645-60D4195,"1","FIXED_PRICE","AUD",3.99,,,3.99,"0","","","Jun-27-26 02:45:45 PDT","Jul-27-26 02:45:45 PDT","Trading Card Singles","261328","","","Ungraded","","","","Near mint or better","","AU","","",""
"800250864725",Keegan Murray Rookie Kings 2022-23 NBA Hoops Basketball #284 Purple,,CDP-D8B61CD-9BB9CC0,"1","FIXED_PRICE","AUD",2.99,,,2.99,"0","","","Jun-27-26 02:51:44 PDT","Jul-27-26 02:51:44 PDT","Trading Card Singles","261328","","","Ungraded","","","","Near mint or better","","AU","","",""
"800250864726",PJ Washington Jr. Hornets 2020-21 Panini Prizm #8 Sophomore Stars Prizms Green,,277-pwy4m-38F3E89,"1","FIXED_PRICE","AUD",2.99,,,2.99,"0","","","Jun-27-26 02:51:44 PDT","Jul-27-26 02:51:44 PDT","Trading Card Singles","261328","","","Ungraded","","","","Near mint or better","","AU","","",""
"800250864727",Donovan Mitchell Cleveland Cavaliers 2024-25 Hoops #211 Purple,,173-nt7q2-BA42BF8,"1","FIXED_PRICE","AUD",2.99,,,2.99,"0","","","Jun-27-26 02:51:45 PDT","Jul-27-26 02:51:45 PDT","Trading Card Singles","261328","","","Ungraded","","","","Near mint or better","","AU","","",""
"800250864728",Lauri Markkanen Utah Jazz 2024-25 Hoops #121 Blue,,206-nt7r3-CEFF68A,"1","FIXED_PRICE","AUD",2.99,,,2.99,"0","","","Jun-27-26 02:51:45 PDT","Jul-27-26 02:51:45 PDT","Trading Card Singles","261328","","","Ungraded","","","","Near mint or better","","AU","","",""
"800250864729",RJ Barrett New York Knicks 2022-23 Panini Prizm #14 Prizms Hyper,,236-ntcrw-A8988EB,"1","FIXED_PRICE","AUD",2.99,,,2.99,"0","","","Jun-27-26 02:51:45 PDT","Jul-27-26 02:51:45 PDT","Trading Card Singles","261328","","","Ungraded","","","","Near mint or better","","AU","","",""
"800250864730",CJ McCollum Portland Trail Blazers 2020-21 Panini Illusions #121 Orange,,241-ntcs1-B38E06D,"1","FIXED_PRICE","AUD",2.99,,,2.99,"0","","","Jun-27-26 02:51:45 PDT","Jul-27-26 02:51:45 PDT","Trading Card Singles","261328","","","Ungraded","","","","Near mint or better","","AU","","",""
"800250864731",Chris Paul Phoenix Suns 2020-21 Panini Revolution #77 Astro,,268-pwy4b-9C22CDE,"1","FIXED_PRICE","AUD",2.99,,,2.99,"0","","","Jun-27-26 02:51:44 PDT","Jul-27-26 02:51:44 PDT","Trading Card Singles","261328","","","Ungraded","","","","Near mint or better","","AU","","",""
"800250864732",Celtics Pride: The Jays Shine Boston Celtics 2025-26 Topps #272 Holo Foil,,411-041945A-55B0B82,"1","FIXED_PRICE","AUD",2.99,,,2.99,"0","","","Jun-27-26 02:51:45 PDT","Jul-27-26 02:51:45 PDT","Trading Card Singles","261328","","","Ungraded","","","","Near mint or better","","AU","","",""
"800250864733",Desmond Bane Memphis Grizzlies 2024-25 Panini Mosaic #72 Silver,,239-ntcrz-106C538,"1","FIXED_PRICE","AUD",2.99,,,2.99,"0","","","Jun-27-26 02:51:45 PDT","Jul-27-26 02:51:45 PDT","Trading Card Singles","261328","","","Ungraded","","","","Near mint or better","","AU","","",""
"800250864734",Precious Achiuwa Rookie Heat 2020-21 NBA Illusions #166 Starlight,,37-n9tp4-C134105,"1","FIXED_PRICE","AUD",2.99,,,2.99,"0","","","Jun-27-26 02:51:45 PDT","Jul-27-26 02:51:45 PDT","Trading Card Singles","261328","","","Ungraded","","","","Near mint or better","","AU","","",""
"800250864735",OG Anunoby Toronto Raptors 2021-22 Panini Illusions #17 Asia,,209-nt7r8-7961A44,"1","FIXED_PRICE","AUD",2.99,,,2.99,"0","","","Jun-27-26 02:51:45 PDT","Jul-27-26 02:51:45 PDT","Trading Card Singles","261328","","","Ungraded","","","","Near mint or better","","AU","","",""
"800250864736",Ryan Dunn Phoenix Suns Rookie 2024-25 Donruss #214 Holo Green Laser,,497-1229E8F,"1","FIXED_PRICE","AUD",2.99,,,2.99,"0","","","Jun-27-26 02:51:45 PDT","Jul-27-26 02:51:45 PDT","Trading Card Singles","261328","","","Ungraded","","","","Near mint or better","","AU","","",""
"800250864737",Andrew Wiggins Heat 2024-25 Panini Select #5 Orange Flash Prizm,,222-ntcri-5D14174,"1","FIXED_PRICE","AUD",2.99,,,2.99,"0","","","Jun-27-26 02:51:45 PDT","Jul-27-26 02:51:45 PDT","Trading Card Singles","261328","","","Ungraded","","","","Near mint or better","","AU","","",""
"800250864739",Zion Williamson New Orleans Pelicans 2023-24 Donruss #122 Green Laser Holo,,164-nt7pt-C2DC8C7,"1","FIXED_PRICE","AUD",2.99,,,2.99,"0","","","Jun-27-26 02:51:45 PDT","Jul-27-26 02:51:45 PDT","Trading Card Singles","261328","","","Ungraded","","","","Near mint or better","","AU","","",""
"800250864740",Marc Gasol Toronto Raptors 2019-20 NBA Prizm #153 Prizms Silver,,14-n0o99-C6122E0,"1","FIXED_PRICE","AUD",2.99,,,2.99,"0","","","Jun-27-26 02:51:45 PDT","Jul-27-26 02:51:45 PDT","Trading Card Singles","261328","","","Ungraded","","","","Near mint or better","","AU","","",""
"800250864741",Immanuel Quickley Raptors 2024-25 Panini Select #41 Blue Cracked Ice Prizm,,96-nrsau-ABB88D5,"1","FIXED_PRICE","AUD",2.99,,,2.99,"0","","","Jun-27-26 02:51:45 PDT","Jul-27-26 02:51:45 PDT","Trading Card Singles","261328","","","Ungraded","","","","Near mint or better","","AU","","",""
"800250864742",Day'Ron Sharpe Brooklyn Nets 2021-22 Panini Chronicles #270 Green,,505-A16BFD5,"1","FIXED_PRICE","AUD",2.99,,,2.99,"0","","","Jun-27-26 02:51:45 PDT","Jul-27-26 02:51:45 PDT","Trading Card Singles","261328","","","Ungraded","","","","Near mint or better","","AU","","",""
"800250864743",Jaxson Hayes New Orleans Pelicans 2020-21 Panini Prizm #20 Blue Prizms 151/199,,295-q7ggl-248C5CB,"1","FIXED_PRICE","AUD",3.79,,,3.79,"0","","","Jun-27-26 02:51:45 PDT","Jul-27-26 02:51:45 PDT","Trading Card Singles","261328","","","Ungraded","","","","Near mint or better","","AU","","",""
"800250864744",Franz Wagner Rookie Orlando Magic 2021-22 Hoops Basketball #235 cc761,,cc761-188309B,"1","FIXED_PRICE","AUD",2.99,,,2.99,"0","","","Jun-27-26 02:51:45 PDT","Jul-27-26 02:51:45 PDT","Trading Card Singles","261328","","","Ungraded","","","","Near mint or better","","AU","","",""
"800250864745",Amen Thompson Rookie Houston Rockets 2023-24 Donruss Basketball #206 cc775,,cc775-AAB931E,"1","FIXED_PRICE","AUD",2.99,,,2.99,"0","","","Jun-27-26 02:51:45 PDT","Jul-27-26 02:51:45 PDT","Trading Card Singles","261328","","","Ungraded","","","","Near mint or better","","AU","","",""
"800250864746",De'Aaron Fox Sacramento Kings 2019-20 Hoops Premium Stock #165 Prizms Silver,,102-nrsb9-96D99EC,"1","FIXED_PRICE","AUD",2.99,,,2.99,"0","","","Jun-27-26 02:51:45 PDT","Jul-27-26 02:51:45 PDT","Trading Card Singles","261328","","","Ungraded","","","","Near mint or better","","AU","","",""
"800250864747",Jimmy Butler Miami Heat 2024-25 Hoops #214 Purple,,160-nt7pp-AFCBF22,"1","FIXED_PRICE","AUD",2.99,,,2.99,"0","","","Jun-27-26 02:51:45 PDT","Jul-27-26 02:51:45 PDT","Trading Card Singles","261328","","","Ungraded","","","","Near mint or better","","AU","","",""
"800250864748",Bradley Beal Wizards 2021-22 Panini Illusions #24 Operation Detonation,,228-ntcro-87D412B,"1","FIXED_PRICE","AUD",2.99,,,2.99,"0","","","Jun-27-26 02:51:45 PDT","Jul-27-26 02:51:45 PDT","Trading Card Singles","261328","","","Ungraded","","","","Near mint or better","","AU","","",""
"800250864749",Tyrese Haliburton Rookie Sacramento Kings 2020-21 Hoops Basketball #238 cc753,,cc753-2001279,"1","FIXED_PRICE","AUD",2.99,,,2.99,"0","","","Jun-27-26 02:51:45 PDT","Jul-27-26 02:51:45 PDT","Trading Card Singles","261328","","","Ungraded","","","","Near mint or better","","AU","","",""
"800250864750",LaMelo Ball 2021-22 Bronze Panini Chronicles Basketball Card #10 Hornets,,CDP-D37B858-586CC27,"1","FIXED_PRICE","AUD",2.99,,,2.99,"0","","","Jun-27-26 02:51:45 PDT","Jul-27-26 02:51:45 PDT","Trading Card Singles","261328","","","Ungraded","","","","Near mint or better","","AU","","",""
"800250864751",Marc Gasol Toronto Raptors 2020-21 Panini Prizm #206 Green Prizms,,138-nt7p3-F9F3557,"1","FIXED_PRICE","AUD",2.99,,,2.99,"0","","","Jun-27-26 02:51:45 PDT","Jul-27-26 02:51:45 PDT","Trading Card Singles","261328","","","Ungraded","","","","Near mint or better","","AU","","",""
"800250864752",Jalen Green Houston Rockets 2024-25 Donruss #86 Holo Green Laser,,197-nt7qq-BFA1FAF,"1","FIXED_PRICE","AUD",2.99,,,2.99,"0","","","Jun-27-26 02:51:45 PDT","Jul-27-26 02:51:45 PDT","Trading Card Singles","261328","","","Ungraded","","","","Near mint or better","","AU","","",""
"800250864753", Myles Turner  Pacers 2024-25 Select - Concourse #4 Blue Cracked Ice Prizm NBA,,CDP-61D01E6-8BAA345,"1","FIXED_PRICE","AUD",2.99,,,2.99,"0","","","Jun-27-26 02:51:45 PDT","Jul-27-26 02:51:45 PDT","Trading Card Singles","261328","","","Ungraded","","","","Near mint or better","","AU","","",""
"800250864754",Anthony Black Rookie Magic 2023-24 Court Kings Basketball #70 cc767,,cc767-B697DFB,"1","FIXED_PRICE","AUD",2.99,,,2.99,"0","","","Jun-27-26 02:51:45 PDT","Jul-27-26 02:51:45 PDT","Trading Card Singles","261328","","","Ungraded","","","","Near mint or better","","AU","","",""
"800250864757",Karl-Anthony Towns Timberwolves 2021-22 Illusions #15 Orange,,182-nt7qb-4436079,"1","FIXED_PRICE","AUD",2.99,,,2.99,"0","","","Jun-27-26 02:51:45 PDT","Jul-27-26 02:51:45 PDT","Trading Card Singles","261328","","","Ungraded","","","","Near mint or better","","AU","","",""
"800250864758",Rudy Gobert Minnesota Timberwolves 2025-26 Topps #111 Rainbow Foilboard,,229-ntcrp-21660D5,"1","FIXED_PRICE","AUD",2.99,,,2.99,"0","","","Jun-27-26 02:51:45 PDT","Jul-27-26 02:51:45 PDT","Trading Card Singles","261328","","","Ungraded","","","","Near mint or better","","AU","","",""
"800250864759",Immanuel Quickley New York Knicks 2023-24 Donruss #21 Holo Green Laser,,213-ntcr9-CDAAB0A,"1","FIXED_PRICE","AUD",2.99,,,2.99,"0","","","Jun-27-26 02:51:45 PDT","Jul-27-26 02:51:45 PDT","Trading Card Singles","261328","","","Ungraded","","","","Near mint or better","","AU","","",""
"800250864760",Matthew Dellavedova Melbourne United 2023-24 Topps Chrome NBL OPAL #49,,CDP-06D067A-ED201D5,"1","FIXED_PRICE","AUD",2.99,,,2.99,"0","","","Jun-27-26 02:51:45 PDT","Jul-27-26 02:51:45 PDT","Trading Card Singles","261328","","","Ungraded","","","","Near mint or better","","AU","","",""
"800250864761",Michael Porter Jr. Denver Nuggets 2022-23 Panini Select #14 Green Shock Prizms,,246-ntcs6-53652D1,"1","FIXED_PRICE","AUD",2.99,,,2.99,"0","","","Jun-27-26 02:51:45 PDT","Jul-27-26 02:51:45 PDT","Trading Card Singles","261328","","","Ungraded","","","","Near mint or better","","AU","","",""
"800250864762",Myles Turner Indiana Pacers 2022-23 Panini Mosaic #36 Red Wave,,191-nt7qk-1B654DE,"1","FIXED_PRICE","AUD",2.99,,,2.99,"0","","","Jun-27-26 02:51:45 PDT","Jul-27-26 02:51:45 PDT","Trading Card Singles","261328","","","Ungraded","","","","Near mint or better","","AU","","",""
"800250864763",De'Aaron Fox Sacramento Kings 2019-20 Panini Chronicles #29 Pink,,167-nt7pw-53E361B,"1","FIXED_PRICE","AUD",2.99,,,2.99,"0","","","Jun-27-26 02:51:45 PDT","Jul-27-26 02:51:45 PDT","Trading Card Singles","261328","","","Ungraded","","","","Near mint or better","","AU","","",""
"800250864764",Tari Eason Houston Rockets Rookie 2022-23 Panini Chronicles #128 Teal,,502-955D1F6,"1","FIXED_PRICE","AUD",2.99,,,2.99,"0","","","Jun-27-26 02:51:45 PDT","Jul-27-26 02:51:45 PDT","Trading Card Singles","261328","","","Ungraded","","","","Near mint or better","","AU","","",""
"800250864765",Darius Garland Cleveland Cavaliers 2024-25 Hoops #162 Neon Green Flood,,389-2DD9B66-0ADB73B,"1","FIXED_PRICE","AUD",2.99,,,2.99,"0","","","Jun-27-26 02:51:45 PDT","Jul-27-26 02:51:45 PDT","Trading Card Singles","261328","","","Ungraded","","","","Near mint or better","","AU","","",""
"800250864766",Trendon Watford Rookie Blazers 2021-22 NBA Panini Chronicles #277  Bronze,,CDP-A98AC80-6763F4F,"1","FIXED_PRICE","AUD",2.99,,,2.99,"0","","","Jun-27-26 02:51:45 PDT","Jul-27-26 02:51:45 PDT","Trading Card Singles","261328","","","Ungraded","","","","Near mint or better","","AU","","",""
"800250864767",Al Horford Hawks 2013-14 NBA Hoops Basketball Red Back Parallel #1,,CDP-71ED2DB-570E9EC,"1","FIXED_PRICE","AUD",2.99,,,2.99,"0","","","Jun-27-26 02:51:45 PDT","Jul-27-26 02:51:45 PDT","Trading Card Singles","261328","","","Ungraded","","","","Near mint or better","","AU","","",""
"800250864768",Tyrese Maxey Philadelphia 76ers 2021-22 Hoops #57 Purple,,175-nt7q4-C62BE36,"1","FIXED_PRICE","AUD",2.99,,,2.99,"0","","","Jun-27-26 02:51:45 PDT","Jul-27-26 02:51:45 PDT","Trading Card Singles","261328","","","Ungraded","","","","Near mint or better","","AU","","",""
"800250864769",Anthony Davis Los Angeles Lakers 2019-20 Panini Chronicles #157 Pink,,169-nt7py-8ADB221,"1","FIXED_PRICE","AUD",2.99,,,2.99,"0","","","Jun-27-26 02:51:45 PDT","Jul-27-26 02:51:45 PDT","Trading Card Singles","261328","","","Ungraded","","","","Near mint or better","","AU","","",""
"800250864770",OG Anunoby Toronto Raptors 2021-22 Panini Prizm #206 Green,,210-nt7ra-F3AA3A5,"1","FIXED_PRICE","AUD",2.99,,,2.99,"0","","","Jun-27-26 02:51:45 PDT","Jul-27-26 02:51:45 PDT","Trading Card Singles","261328","","","Ungraded","","","","Near mint or better","","AU","","",""
"800250864772",De'Aaron Fox Sacramento Kings 2021-22 Donruss #126 Holo Green and Yellow Laser,,181-nt7qa-7070E91,"1","FIXED_PRICE","AUD",2.99,,,2.99,"0","","","Jun-27-26 02:51:45 PDT","Jul-27-26 02:51:45 PDT","Trading Card Singles","261328","","","Ungraded","","","","Near mint or better","","AU","","",""
"800250864773",Aaron Wiggins Rookie Thunder 2021-22 NBA Panini Chronicles Bronze #34 OKC,,CDP-5A6E79C-2CC6C39,"1","FIXED_PRICE","AUD",2.99,,,2.99,"0","","","Jun-27-26 02:51:45 PDT","Jul-27-26 02:51:45 PDT","Trading Card Singles","261328","","","Ungraded","","","","Near mint or better","","AU","","",""
"800250864774",Jimmy Butler Miami Heat 2024-25 Hoops #214 Purple,,158-nt7pn-167FA31,"1","FIXED_PRICE","AUD",2.99,,,2.99,"0","","","Jun-27-26 02:51:45 PDT","Jul-27-26 02:51:45 PDT","Trading Card Singles","261328","","","Ungraded","","","","Near mint or better","","AU","","",""
"800250864775",Julius Randle New York Knicks 2020-21 Clearly Donruss #42 Gold,,266-pwy49-10ACC6F,"1","FIXED_PRICE","AUD",3.79,,,3.79,"0","","","Jun-27-26 02:51:45 PDT","Jul-27-26 02:51:45 PDT","Trading Card Singles","261328","","","Ungraded","","","","Near mint or better","","AU","","",""
"800250864776",Mark Williams Charlotte Hornets Rookie 2022-23 Panini Chronicles #249 Pink,,510-A516B44,"1","FIXED_PRICE","AUD",2.99,,,2.99,"0","","","Jun-27-26 02:51:45 PDT","Jul-27-26 02:51:45 PDT","Trading Card Singles","261328","","","Ungraded","","","","Near mint or better","","AU","","",""
"800250864777",Dereck Lively II Dallas Mavericks 2023-24 Panini Recon #9 Future Legends,,500-1B2E328,"1","FIXED_PRICE","AUD",3.79,,,3.79,"0","","","Jun-27-26 02:51:45 PDT","Jul-27-26 02:51:45 PDT","Trading Card Singles","261328","","","Ungraded","","","","Near mint or better","","AU","","",""
"800250864778",Jared McCain Philadelphia 76ers 2024-25 Panini Mosaic #5 Give and Go Mosaic,,507-B3B488D,"1","FIXED_PRICE","AUD",3.79,,,3.79,"0","","","Jun-27-26 02:51:45 PDT","Jul-27-26 02:51:45 PDT","Trading Card Singles","261328","","","Ungraded","","","","Near mint or better","","AU","","",""
"800250864779",Rudy Gobert Minnesota Timberwolves 2022-23 Panini Mosaic #138 Red Wave,,188-nt7qh-F4F908D,"1","FIXED_PRICE","AUD",2.99,,,2.99,"0","","","Jun-27-26 02:51:45 PDT","Jul-27-26 02:51:45 PDT","Trading Card Singles","261328","","","Ungraded","","","","Near mint or better","","AU","","",""
"800250864780",Dejounte Murray Atlanta Hawks 2023-24 Panini Select #374 Silver Prizms,,211-ntcr7-250F73E,"1","FIXED_PRICE","AUD",2.99,,,2.99,"0","","","Jun-27-26 02:51:45 PDT","Jul-27-26 02:51:45 PDT","Trading Card Singles","261328","","","Ungraded","","","","Near mint or better","","AU","","",""
"800250864781",Brandon Miller Charlotte Hornets 2023-24 Hoops Basketball #284 cc778,,cc778-4BF4EC3,"1","FIXED_PRICE","AUD",2.99,,,2.99,"0","","","Jun-27-26 02:51:45 PDT","Jul-27-26 02:51:45 PDT","Trading Card Singles","261328","","","Ungraded","","","","Near mint or better","","AU","","",""
"800250864783",James Harden Rockets 2019-20 NBA Chronicles Prestige Pink #65,,CDP-157692B-2FC09D3,"1","FIXED_PRICE","AUD",2.99,,,2.99,"0","","","Jun-27-26 02:51:45 PDT","Jul-27-26 02:51:45 PDT","Trading Card Singles","261328","","","Ungraded","","","","Near mint or better","","AU","","",""
"800250864784",Precious Achiuwa Rookie Heat 2020-21 NBA Court Kings #18  Acetate Rookies,,36-n9tp3-3BA807C,"1","FIXED_PRICE","AUD",2.99,,,2.99,"0","1","0","Jun-27-26 02:51:45 PDT","Jul-27-26 02:51:45 PDT","Trading Card Singles","261328","","","Ungraded","","","","Near mint or better","","AU","","",""
"800250864785",Derrick White San Antonio Spurs 2021-22 Panini Prizm #19 Red Wave,,221-ntcrh-82E4CFA,"1","FIXED_PRICE","AUD",2.99,,,2.99,"0","","","Jun-27-26 02:51:45 PDT","Jul-27-26 02:51:45 PDT","Trading Card Singles","261328","","","Ungraded","","","","Near mint or better","","AU","","",""
"800250864786",Jrue Holiday New Orleans Pelicans 2018-19 Donruss Optic #17 Holo,,200-nt7qt-3861CDA,"1","FIXED_PRICE","AUD",2.99,,,2.99,"0","","","Jun-27-26 02:51:45 PDT","Jul-27-26 02:51:45 PDT","Trading Card Singles","261328","","","Ungraded","","","","Near mint or better","","AU","","",""
"800250864787",Brandon Ingram New Orleans Pelicans 2024-25 Donruss Optic #150 Purple,,282-pwy4r-503FA78,"1","FIXED_PRICE","AUD",2.99,,,2.99,"0","","","Jun-27-26 02:51:45 PDT","Jul-27-26 02:51:45 PDT","Trading Card Singles","261328","","","Ungraded","","","","Near mint or better","","AU","","",""
"800250864788",Cameron Thomas Brooklyn Nets 2022-23 Donruss Optic #18 Purple,,214-ntcra-C906655,"1","FIXED_PRICE","AUD",2.99,,,2.99,"0","","","Jun-27-26 02:51:45 PDT","Jul-27-26 02:51:45 PDT","Trading Card Singles","261328","","","Ungraded","","","","Near mint or better","","AU","","",""
"800250864789",Rudy Gobert Utah Jazz 2020-21 Panini Contenders #61 Game Ticket Red,,258-pwy3x-E02B157,"1","FIXED_PRICE","AUD",2.99,,,2.99,"0","","","Jun-27-26 02:51:45 PDT","Jul-27-26 02:51:45 PDT","Trading Card Singles","261328","","","Ungraded","","","","Near mint or better","","AU","","",""
"800250864790",Joel Embiid Philadelphia 76ers 2022-23 Hoops #30 Purple,,176-nt7q5-F109BDF,"1","FIXED_PRICE","AUD",2.99,,,2.99,"0","","","Jun-27-26 02:51:45 PDT","Jul-27-26 02:51:45 PDT","Trading Card Singles","261328","","","Ungraded","","","","Near mint or better","","AU","","",""
"800250864791",Ziaire Williams Memphis Grizzlies 2021-22 Panini Chronicles #389 Green,,499-BF443E8,"1","FIXED_PRICE","AUD",2.99,,,2.99,"0","","","Jun-27-26 02:51:45 PDT","Jul-27-26 02:51:45 PDT","Trading Card Singles","261328","","","Ungraded","","","","Near mint or better","","AU","","",""
"800250864792",Mikal Bridges Phoenix Suns 2020-21 Panini Prizm #204 Silver Prizms,,261-pwy41-30C7E2E,"1","FIXED_PRICE","AUD",2.99,,,2.99,"0","","","Jun-27-26 02:51:45 PDT","Jul-27-26 02:51:45 PDT","Trading Card Singles","261328","","","Ungraded","","","","Near mint or better","","AU","","",""
"800250864793",De'Aaron Fox Sacramento Kings 2019-20 Panini Chronicles #29 Pink,,180-nt7q9-0E18026,"1","FIXED_PRICE","AUD",2.99,,,2.99,"0","","","Jun-27-26 02:51:45 PDT","Jul-27-26 02:51:45 PDT","Trading Card Singles","261328","","","Ungraded","","","","Near mint or better","","AU","","",""
"800250864794",Herbert Jones RC 2022 Panini Mosaic  Green Prizm New Orleans Pelicans #280,,CDP-C55EE35-6CCD18F,"1","FIXED_PRICE","AUD",2.99,,,2.99,"0","","","Jun-27-26 02:51:45 PDT","Jul-27-26 02:51:45 PDT","Trading Card Singles","261328","","","Ungraded","","","","Near mint or better","","AU","","",""
"800250864795",Bradley Beal Washington Wizards 2022-23 Panini Mosaic #32 Red Wave,,227-ntcrn-3A22693,"1","FIXED_PRICE","AUD",2.99,,,2.99,"0","","","Jun-27-26 02:51:45 PDT","Jul-27-26 02:51:45 PDT","Trading Card Singles","261328","","","Ungraded","","","","Near mint or better","","AU","","",""
"800250864796",Franz Wagner Rookie Orlando Magic 2021-22 Hoops Basketball #235 cc789,,cc789-31A763A,"1","FIXED_PRICE","AUD",2.99,,,2.99,"0","","","Jun-27-26 02:51:45 PDT","Jul-27-26 02:51:45 PDT","Trading Card Singles","261328","","","Ungraded","","","","Near mint or better","","AU","","",""
"800250864798",Brandon Ingram Pelicans 2019-20 Hoops Premium Stock #119 Prizms Silver Laser,,204-nt7qz-3D7F2D3,"1","FIXED_PRICE","AUD",2.99,,,2.99,"0","","","Jun-27-26 02:51:45 PDT","Jul-27-26 02:51:45 PDT","Trading Card Singles","261328","","","Ungraded","","","","Near mint or better","","AU","","",""
"800250864799",Dyson Daniels Atlanta Hawks 2024-25 Donruss Optic #56 Holo,,285-pwy4v-FB1C7CD,"1","FIXED_PRICE","AUD",2.99,,,2.99,"0","","","Jun-27-26 02:51:45 PDT","Jul-27-26 02:51:45 PDT","Trading Card Singles","261328","","","Ungraded","","","","Near mint or better","","AU","","",""
"800250864800",Chet Holmgren 2023-24 Donruss Basketball Holo Green Laser #123 OKC Thunder NBA,,CDP-7696BDD-483A51A,"1","FIXED_PRICE","AUD",2.99,,,2.99,"0","","","Jun-27-26 02:51:45 PDT","Jul-27-26 02:51:45 PDT","Trading Card Singles","261328","","","Ungraded","","","","Near mint or better","","AU","","",""
"800250864801",Brandon Ingram Toronto Raptors 2024-25 Panini Select #44 Blue Cracked Ice Prizm,,189-nt7qi-A743BA4,"1","FIXED_PRICE","AUD",2.99,,,2.99,"0","","","Jun-27-26 02:51:45 PDT","Jul-27-26 02:51:45 PDT","Trading Card Singles","261328","","","Ungraded","","","","Near mint or better","","AU","","",""
"800250864802",Mike Conley Utah Jazz 2020-21 Panini Prizm #198 Silver Prizms,,207-nt7r4-EDD2589,"1","FIXED_PRICE","AUD",2.99,,,2.99,"0","","","Jun-27-26 02:51:45 PDT","Jul-27-26 02:51:45 PDT","Trading Card Singles","261328","","","Ungraded","","","","Near mint or better","","AU","","",""
"800250864803",Ben Sheppard Indiana Pacers Rookie 2023-24 Panini Select #94 Silver Prizms,,504-87849DF,"1","FIXED_PRICE","AUD",3.79,,,3.79,"0","","","Jun-27-26 02:51:45 PDT","Jul-27-26 02:51:45 PDT","Trading Card Singles","261328","","","Ungraded","","","","Near mint or better","","AU","","",""
"800250864804",Keyonte George Rookie Utah Jazz 2023-24 Hoops Basketball #271 cc777,,cc777-E946AC0,"1","FIXED_PRICE","AUD",2.99,,,2.99,"0","","","Jun-27-26 02:51:45 PDT","Jul-27-26 02:51:45 PDT","Trading Card Singles","261328","","","Ungraded","","","","Near mint or better","","AU","","",""
"800250864805",Isaiah Collier Utah Jazz Rookie 2024-25 Panini Mosaic #222 Green Mosaic,,494-939B78C,"1","FIXED_PRICE","AUD",3.79,,,3.79,"0","","","Jun-27-26 02:51:45 PDT","Jul-27-26 02:51:45 PDT","Trading Card Singles","261328","","","Ungraded","","","","Near mint or better","","AU","","",""
"800250864806",Darius Garland Cleveland Cavaliers 2023-24 Panini Prizm #81 Prizms Green,,105-nrsbg-E7821DD,"1","FIXED_PRICE","AUD",2.99,,,2.99,"0","","","Jun-27-26 02:51:45 PDT","Jul-27-26 02:51:45 PDT","Trading Card Singles","261328","","","Ungraded","","","","Near mint or better","","AU","","",""
"800250864807",CJ McCollum New Orleans Pelicans 2024-25 Panini Prizm #160 Prizms Green,,289-q7ggf-B6084E8,"1","FIXED_PRICE","AUD",2.99,,,2.99,"0","","","Jun-27-26 02:51:45 PDT","Jul-27-26 02:51:45 PDT","Trading Card Singles","261328","","","Ungraded","","","","Near mint or better","","AU","","",""
"800250864809",Day'Ron Sharpe Brooklyn Nets Rookie 2021-22 Hoops #215 Blue,,506-009B9F7,"1","FIXED_PRICE","AUD",2.99,,,2.99,"0","","","Jun-27-26 02:51:45 PDT","Jul-27-26 02:51:45 PDT","Trading Card Singles","261328","","","Ungraded","","","","Near mint or better","","AU","","",""
"800250864811",Cameron Thomas Brooklyn Nets 2024-25 Panini Revolution #16 Blue Storm,,233-ntcrt-AF96F97,"1","FIXED_PRICE","AUD",2.99,,,2.99,"0","","","Jun-27-26 02:51:45 PDT","Jul-27-26 02:51:45 PDT","Trading Card Singles","261328","","","Ungraded","","","","Near mint or better","","AU","","",""
"800250864813",Mark Williams Charlotte Hornets Rookie 2022-23 Panini Chronicles #278 Teal,,501-B804D05,"1","FIXED_PRICE","AUD",2.99,,,2.99,"0","","","Jun-27-26 02:51:45 PDT","Jul-27-26 02:51:45 PDT","Trading Card Singles","261328","","","Ungraded","","","","Near mint or better","","AU","","",""
"800250864814",Derrick White Boston Celtics 2021-22 Panini Mosaic #173 Fast Break Silver,,220-ntcrg-91C7B0A,"1","FIXED_PRICE","AUD",2.99,,,2.99,"0","","","Jun-27-26 02:51:45 PDT","Jul-27-26 02:51:45 PDT","Trading Card Singles","261328","","","Ungraded","","","","Near mint or better","","AU","","",""
"800250864815",Brandon Ingram Toronto Raptors 2024-25 Panini Select #162 Blue Prizm,,194-nt7qn-9CAF175,"1","FIXED_PRICE","AUD",2.99,,,2.99,"0","","","Jun-27-26 02:51:45 PDT","Jul-27-26 02:51:45 PDT","Trading Card Singles","261328","","","Ungraded","","","","Near mint or better","","AU","","",""
"800250864816",James Harden Houston Rockets 2019-20 NBA Chronicles Pink #242 ,,CDP-98EF5CC-01F8724,"1","FIXED_PRICE","AUD",2.99,,,2.99,"0","","","Jun-27-26 02:51:45 PDT","Jul-27-26 02:51:45 PDT","Trading Card Singles","261328","","","Ungraded","","","","Near mint or better","","AU","","",""
"800250864817",Franz Wagner Rookie Magic 2021-22 Prizm Basketball #23 Emergent cc763,,cc763-DE858DD,"1","FIXED_PRICE","AUD",2.99,,,2.99,"0","","","Jun-27-26 02:51:45 PDT","Jul-27-26 02:51:45 PDT","Trading Card Singles","261328","","","Ungraded","","","","Near mint or better","","AU","","",""
"800250864818",Carmelo Anthony Los Angeles Lakers 2022-23 Hoops #174 Neon Green,,165-nt7pu-E03B2F0,"1","FIXED_PRICE","AUD",2.99,,,2.99,"0","","","Jun-27-26 02:51:45 PDT","Jul-27-26 02:51:45 PDT","Trading Card Singles","261328","","","Ungraded","","","","Near mint or better","","AU","","",""
"800250864819",Paul George 76ers 2024-25 Panini Select #37 Green White Purple Prizm,,122-nt7on-0D2584D,"1","FIXED_PRICE","AUD",3.79,,,3.79,"0","","","Jun-27-26 02:51:45 PDT","Jul-27-26 02:51:45 PDT","Trading Card Singles","261328","","","Ungraded","","","","Near mint or better","","AU","","",""
"800250864820",Kyrie Irving Brooklyn Nets 2021-22 Hoops #77 Neon Green,,166-nt7pv-C98ED11,"1","FIXED_PRICE","AUD",2.99,,,2.99,"0","","","Jun-27-26 02:51:45 PDT","Jul-27-26 02:51:45 PDT","Trading Card Singles","261328","","","Ungraded","","","","Near mint or better","","AU","","",""
"800250864821",Keyonte George Utah Jazz 2024-25 Hoops #50 Purple,,244-ntcs4-879D1B9,"1","FIXED_PRICE","AUD",2.99,,,2.99,"0","","","Jun-27-26 02:51:45 PDT","Jul-27-26 02:51:45 PDT","Trading Card Singles","261328","","","Ungraded","","","","Near mint or better","","AU","","",""
"800250864822",Corey Kispert Rookie Wizards 2021-22 NBA Panini Chronicles Bronze #311 ,,CDP-B95B37D-5DBDE23,"1","FIXED_PRICE","AUD",2.99,,,2.99,"0","","","Jun-27-26 02:51:45 PDT","Jul-27-26 02:51:45 PDT","Trading Card Singles","261328","","","Ungraded","","","","Near mint or better","","AU","","",""
"800250864823",De'Aaron Fox Sacramento Kings 2020-21 Panini Select #32 Silver Prizms,,271-pwy4f-2F87566,"1","FIXED_PRICE","AUD",3.79,,,3.79,"0","","","Jun-27-26 02:51:45 PDT","Jul-27-26 02:51:45 PDT","Trading Card Singles","261328","","","Ungraded","","","","Near mint or better","","AU","","",""
"800250864824",Russell Westbrook Los Angeles Lakers 2021-22 Donruss #72 Holo Orange Laser,,85-nrsa5-C1509E9,"1","FIXED_PRICE","AUD",2.99,,,2.99,"0","","","Jun-27-26 02:51:45 PDT","Jul-27-26 02:51:45 PDT","Trading Card Singles","261328","","","Ungraded","","","","Near mint or better","","AU","","",""
"800250864825",Ausar Thompson Detroit Pistons 2024-25 Panini Prizm #147 Prizms Silver,,218-ntcre-0432571,"1","FIXED_PRICE","AUD",3.79,,,3.79,"0","","","Jun-27-26 02:51:45 PDT","Jul-27-26 02:51:45 PDT","Trading Card Singles","261328","","","Ungraded","","","","Near mint or better","","AU","","",""
"800250864826",Blake Wesley San Antonio Spurs Rookie 2022-23 Hoops #255 Neon Green,,503-8E7916F,"1","FIXED_PRICE","AUD",2.99,,,2.99,"0","","","Jun-27-26 02:51:45 PDT","Jul-27-26 02:51:45 PDT","Trading Card Singles","261328","","","Ungraded","","","","Near mint or better","","AU","","",""
"800250864827",Trae Young Atlanta Hawks 2022-23 NBA Chronicles Essentials Pink Parallel #233,,CDP-A15BDFC-02BB022,"1","FIXED_PRICE","AUD",2.99,,,2.99,"0","","","Jun-27-26 02:51:45 PDT","Jul-27-26 02:51:45 PDT","Trading Card Singles","261328","","","Ungraded","","","","Near mint or better","","AU","","",""
"800250864828",Corey Kispert Rookie Wizards 2021-22 NBA Chronicles Draft Picks #283  Silver,,CDP-3DFD536-C38741E,"1","FIXED_PRICE","AUD",2.99,,,2.99,"0","","","Jun-27-26 02:51:45 PDT","Jul-27-26 02:51:45 PDT","Trading Card Singles","261328","","","Ungraded","","","","Near mint or better","","AU","","",""
"800250864829",James Harden Los Angeles Clippers 2023-24 Donruss #63 Green Laser Holo,,163-nt7ps-7EFD899,"1","FIXED_PRICE","AUD",2.99,,,2.99,"0","","","Jun-27-26 02:51:45 PDT","Jul-27-26 02:51:45 PDT","Trading Card Singles","261328","","","Ungraded","","","","Near mint or better","","AU","","",""
"800250864830",Russell Westbrook Rockets 2019-20 Chronicles Basketball #45 Pink cc765,,cc765-C317B8B,"1","FIXED_PRICE","AUD",2.99,,,2.99,"0","","","Jun-27-26 02:51:45 PDT","Jul-27-26 02:51:45 PDT","Trading Card Singles","261328","","","Ungraded","","","","Near mint or better","","AU","","",""
"800250864831",Devin Vassell San Antonio Spurs 2021-22 Panini Prizm #130 Green,,223-ntcrj-2009C8C,"1","FIXED_PRICE","AUD",2.99,,,2.99,"0","","","Jun-27-26 02:51:45 PDT","Jul-27-26 02:51:45 PDT","Trading Card Singles","261328","","","Ungraded","","","","Near mint or better","","AU","","",""
"800250864832",Jamal Murray Denver Nuggets 2024-25 Panini Select #52 Blue Prizm,,201-nt7qu-00FBB26,"1","FIXED_PRICE","AUD",3.79,,,3.79,"0","","","Jun-27-26 02:51:45 PDT","Jul-27-26 02:51:45 PDT","Trading Card Singles","261328","","","Ungraded","","","","Near mint or better","","AU","","",""
"800250864833",RJ Barrett New York Knicks 2021-22 Panini Mosaic #140 Red,,235-ntcrv-134C110,"1","FIXED_PRICE","AUD",3.79,,,3.79,"0","","","Jun-27-26 02:51:45 PDT","Jul-27-26 02:51:45 PDT","Trading Card Singles","261328","","","Ungraded","","","","Near mint or better","","AU","","",""
"800250864834",Cameron Thomas Brooklyn Nets 2023-24 Donruss #69 Green Laser Holo,,232-ntcrs-E37AAF2,"1","FIXED_PRICE","AUD",2.99,,,2.99,"0","","","Jun-27-26 02:51:45 PDT","Jul-27-26 02:51:45 PDT","Trading Card Singles","261328","","","Ungraded","","","","Near mint or better","","AU","","",""
"800250864835",Trayce Jackson-Davis Prizms Green 2023-24 Panini Prizm #148 RC GS Warriors,,CDP-5C08E82-56F06E1,"1","FIXED_PRICE","AUD",2.99,,,2.99,"0","","","Jun-27-26 02:51:45 PDT","Jul-27-26 02:51:45 PDT","Trading Card Singles","261328","","","Ungraded","","","","Near mint or better","","AU","","",""
"800250864836",Derrick Rose Detroit Pistons 2020-21 Panini Revolution #59 Astro,,274-pwy4i-2A9B59C,"1","FIXED_PRICE","AUD",3.79,,,3.79,"0","","","Jun-27-26 02:51:45 PDT","Jul-27-26 02:51:45 PDT","Trading Card Singles","261328","","","Ungraded","","","","Near mint or better","","AU","","",""
"800250864837",Karl Malone Utah Jazz 2021-22 Panini Prizm #259 Silver,,135-nt7p0-E2CCBE6,"1","FIXED_PRICE","AUD",2.99,,,2.99,"0","","","Jun-27-26 02:51:45 PDT","Jul-27-26 02:51:45 PDT","Trading Card Singles","261328","","","Ungraded","","","","Near mint or better","","AU","","",""
"800250864838",AJ Johnson Milwaukee Bucks 2024-25 Hoops #19 Arriving Now Holo,,495-DB54F4F,"1","FIXED_PRICE","AUD",2.99,,,2.99,"0","","","Jun-27-26 02:51:45 PDT","Jul-27-26 02:51:45 PDT","Trading Card Singles","261328","","","Ungraded","","","","Near mint or better","","AU","","",""
"800250864839",Tre Mann 2021-22 Hoops Arriving Now Holo RC Oklahoma City Thunder #22 NBA Card,,CDP-57F4FC0-11D0422,"1","FIXED_PRICE","AUD",2.99,,,2.99,"0","","","Jun-27-26 02:51:45 PDT","Jul-27-26 02:51:45 PDT","Trading Card Singles","261328","","","Ungraded","","","","Near mint or better","","AU","","",""
"800250864840",Brandon Miller Rookie Hornets 2023-24 Select Basketball #80 Blue cc759,,cc759-5D1BA52,"1","FIXED_PRICE","AUD",2.99,,,2.99,"0","","","Jun-27-26 02:51:45 PDT","Jul-27-26 02:51:45 PDT","Trading Card Singles","261328","","","Ungraded","","","","Near mint or better","","AU","","",""
"800250864841",LaMarcus Aldridge Portland Trail Blazers 2013-14 Hoops #116 Red Back,,457-7711FD3-DDDEDB5,"1","FIXED_PRICE","AUD",2.99,,,2.99,"0","","","Jun-27-26 02:51:45 PDT","Jul-27-26 02:51:45 PDT","Trading Card Singles","261328","","","Ungraded","","","","Near mint or better","","AU","","",""
"800250864842",James Harden Houston Rockets 2019-20 Panini Chronicles #83 Bronze,,458-8170A8E-FD9D1C4,"1","FIXED_PRICE","AUD",2.99,,,2.99,"0","","","Jun-27-26 02:51:45 PDT","Jul-27-26 02:51:45 PDT","Trading Card Singles","261328","","","Ungraded","","","","Near mint or better","","AU","","",""
"800250864843",Darius Garland Cleveland Cavaliers 2023-24 Panini Select #151 Blue Prizm,,104-nrsbd-55AFE8A,"1","FIXED_PRICE","AUD",2.99,,,2.99,"0","","","Jun-27-26 02:51:45 PDT","Jul-27-26 02:51:45 PDT","Trading Card Singles","261328","","","Ungraded","","","","Near mint or better","","AU","","",""
"800250864844",Ben Simmons Philadelphia 76ers 2021-22 Panini Prizm #199 Green,,226-ntcrm-6448B9B,"1","FIXED_PRICE","AUD",2.99,,,2.99,"0","","","Jun-27-26 02:51:45 PDT","Jul-27-26 02:51:45 PDT","Trading Card Singles","261328","","","Ungraded","","","","Near mint or better","","AU","","",""
"800250864845",Jaren Jackson Jr. Memphis Grizzlies 2021-22 Panini Recon #63 Holo Pink,,132-nt7ox-E33D43F,"1","FIXED_PRICE","AUD",3.79,,,3.79,"0","","","Jun-27-26 02:51:45 PDT","Jul-27-26 02:51:45 PDT","Trading Card Singles","261328","","","Ungraded","","","","Near mint or better","","AU","","",""
"800250864846",Pacome Dadiet Rookie Knicks 2024-25 Donruss NBA #211 Holo Green Laser cc794,,cc794-7982500,"1","FIXED_PRICE","AUD",2.99,,,2.99,"0","","","Jun-27-26 02:51:45 PDT","Jul-27-26 02:51:45 PDT","Trading Card Singles","261328","","","Ungraded","","","","Near mint or better","","AU","","",""
"800250864848",James Harden Philadelphia 76ers 2022-23 Panini Chronicles #3,,162-nt7pr-D568027,"1","FIXED_PRICE","AUD",2.99,,,2.99,"0","","","Jun-27-26 02:51:45 PDT","Jul-27-26 02:51:45 PDT","Trading Card Singles","261328","","","Ungraded","","","","Near mint or better","","AU","","",""
"800250864849",Fred VanVleet Houston Rockets 2023-24 Panini Mosaic #140 Mosaic,,237-ntcrx-9139ACE,"1","FIXED_PRICE","AUD",2.99,,,2.99,"0","","","Jun-27-26 02:51:45 PDT","Jul-27-26 02:51:45 PDT","Trading Card Singles","261328","","","Ungraded","","","","Near mint or better","","AU","","",""
"800250864850",Tre Mann Rookie 2021-22 Panini Prizm Draft Picks  Red White Blue Prizm #21,,CDP-1AADBB8-0EF8F26,"1","FIXED_PRICE","AUD",2.99,,,2.99,"0","","","Jun-27-26 02:51:45 PDT","Jul-27-26 02:51:45 PDT","Trading Card Singles","261328","","","Ungraded","","","","Near mint or better","","AU","","",""
"800250864851",Lauri Markkanen Utah Jazz 2022-23 Panini Chronicles #19 Pink,,208-nt7r6-EE3C7AB,"1","FIXED_PRICE","AUD",2.99,,,2.99,"0","","","Jun-27-26 02:51:45 PDT","Jul-27-26 02:51:45 PDT","Trading Card Singles","261328","","","Ungraded","","","","Near mint or better","","AU","","",""
"800250864852",Russell Westbrook Denver Nuggets 2025-26 Topps #104 Holo Foil,,171-nt7q0-735B30E,"1","FIXED_PRICE","AUD",2.99,,,2.99,"0","","","Jun-27-26 02:51:45 PDT","Jul-27-26 02:51:45 PDT","Trading Card Singles","261328","","","Ungraded","","","","Near mint or better","","AU","","",""
"800250864853",Oso Ighodaro Phoenix Suns Rookie 2024-25 Panini Mosaic #221 Mosaic,,508-024E021,"1","FIXED_PRICE","AUD",3.79,,,3.79,"0","","","Jun-27-26 02:51:45 PDT","Jul-27-26 02:51:45 PDT","Trading Card Singles","261328","","","Ungraded","","","","Near mint or better","","AU","","",""
"800250864855",Joel Embiid Jayhawks 2020 Panini Contenders Draft Picks #15 Game Ticket Red,,280-pwy4p-08D6B6B,"1","FIXED_PRICE","AUD",2.99,,,2.99,"0","","","Jun-27-26 02:51:45 PDT","Jul-27-26 02:51:45 PDT","Trading Card Singles","261328","","","Ungraded","","","","Near mint or better","","AU","","",""
"800250864856",Tre Mann 2021 Panini Prizm Draft Picks Red White Blue RC Florida Gators #21,,CDP-4B5D487-901E2D3,"1","FIXED_PRICE","AUD",2.99,,,2.99,"0","","","Jun-27-26 02:51:45 PDT","Jul-27-26 02:51:45 PDT","Trading Card Singles","261328","","","Ungraded","","","","Near mint or better","","AU","","",""
"800250864857",Adem Bona Philadelphia 76ers Rookie 2024-25 Donruss #205 Holo Green Laser,,498-E942F34,"1","FIXED_PRICE","AUD",2.99,,,2.99,"0","","","Jun-27-26 02:51:45 PDT","Jul-27-26 02:51:45 PDT","Trading Card Singles","261328","","","Ungraded","","","","Near mint or better","","AU","","",""
"800250864858",Josh Hart New Orleans Pelicans 2021-22 Panini Prizm #48 Red White and Blue,,247-ntcs7-9C549E7,"1","FIXED_PRICE","AUD",2.99,,,2.99,"0","","","Jun-27-26 02:51:45 PDT","Jul-27-26 02:51:45 PDT","Trading Card Singles","261328","","","Ungraded","","","","Near mint or better","","AU","","",""
"800250864859",Isaiah Stewart  Detroit Pistons 2024-25 Panini Mosaic Silver NBA,,CDP-62AE55E-FB6AEC9,"1","FIXED_PRICE","AUD",2.99,,,2.99,"0","","","Jun-27-26 02:51:45 PDT","Jul-27-26 02:51:45 PDT","Trading Card Singles","261328","","","Ungraded","","","","Near mint or better","","AU","","",""
"800250864860",Mike Conley Memphis Grizzlies 2017-18 Panini Mosaic #52 Red,,238-ntcry-0357B7E,"1","FIXED_PRICE","AUD",2.99,,,2.99,"0","","","Jun-27-26 02:51:45 PDT","Jul-27-26 02:51:45 PDT","Trading Card Singles","261328","","","Ungraded","","","","Near mint or better","","AU","","",""
"800250864862",Jalen Green Houston Rockets 2022-23 Donruss Basketball Card  #150 NBA,,CDP-92A0578-EA2EF5D,"1","FIXED_PRICE","AUD",2.99,,,2.99,"0","","","Jun-27-26 02:51:45 PDT","Jul-27-26 02:51:45 PDT","Trading Card Singles","261328","","","Ungraded","","","","Near mint or better","","AU","","",""
"800250864863",Bernard King New York Knicks 2025-26 Topps #268 Season Tip Off,,184-nt7qd-06EDFE4,"1","FIXED_PRICE","AUD",2.99,,,2.99,"0","","","Jun-27-26 02:51:45 PDT","Jul-27-26 02:51:45 PDT","Trading Card Singles","261328","","","Ungraded","","","","Near mint or better","","AU","","",""
"800250864864",LaMarcus Aldridge San Antonio Spurs 2020-21 Donruss Optic #71 Holo,,219-ntcrf-BCC277C,"1","FIXED_PRICE","AUD",2.99,,,2.99,"0","","","Jun-27-26 02:51:45 PDT","Jul-27-26 02:51:45 PDT","Trading Card Singles","261328","","","Ungraded","","","","Near mint or better","","AU","","",""
"800250864865",Draymond Green Warriors 2024-25 NBA Hoops  Neon Green Parallel #32 NBA,,CDP-3245152-1AEF0DB,"1","FIXED_PRICE","AUD",2.99,,,2.99,"0","","","Jun-27-26 02:51:45 PDT","Jul-27-26 02:51:45 PDT","Trading Card Singles","261328","","","Ungraded","","","","Near mint or better","","AU","","",""
"800250864866",Brandon Miller Hornets 2023-24 Prizm Basketball #17 Emergent cc779,,cc779-E958396,"1","FIXED_PRICE","AUD",2.99,,,2.99,"0","","","Jun-27-26 02:51:45 PDT","Jul-27-26 02:51:45 PDT","Trading Card Singles","261328","","","Ungraded","","","","Near mint or better","","AU","","",""
"800250864867",Chet Holmgren Rookie Oklahoma City Thunder 2022-23 Hoops Basketball #232 cc764,,cc764-0D210F5,"1","FIXED_PRICE","AUD",2.99,,,2.99,"0","","","Jun-27-26 02:51:45 PDT","Jul-27-26 02:51:45 PDT","Trading Card Singles","261328","","","Ungraded","","","","Near mint or better","","AU","","",""
"800250864868",Brandon Ingram New Orleans Pelicans 2022-23 Panini Select #159 Silver Prizms,,225-ntcrl-DEB12FD,"1","FIXED_PRICE","AUD",2.99,,,2.99,"0","","","Jun-27-26 02:51:45 PDT","Jul-27-26 02:51:45 PDT","Trading Card Singles","261328","","","Ungraded","","","","Near mint or better","","AU","","",""
"800250864869",Andrew Wiggins Golden State Warriors 2021-22 Panini Prizm #155 Green,,234-ntcru-6569543,"1","FIXED_PRICE","AUD",2.99,,,2.99,"0","","","Jun-27-26 02:51:45 PDT","Jul-27-26 02:51:45 PDT","Trading Card Singles","261328","","","Ungraded","","","","Near mint or better","","AU","","",""
"800250864870",Jaren Jackson Jr Grizzlies 2024-25 Panini Donruss  Green Laser #63 NBA,,CDP-960D2B1-1E085AC,"1","FIXED_PRICE","AUD",2.99,,,2.99,"0","","","Jun-27-26 02:51:45 PDT","Jul-27-26 02:51:45 PDT","Trading Card Singles","261328","","","Ungraded","","","","Near mint or better","","AU","","",""
"800250864871",Mike Conley Utah Jazz 2020-21 Panini Revolution #17 Astro,,259-pwy3z-683360E,"1","FIXED_PRICE","AUD",2.99,,,2.99,"0","","","Jun-27-26 02:51:45 PDT","Jul-27-26 02:51:45 PDT","Trading Card Singles","261328","","","Ungraded","","","","Near mint or better","","AU","","",""
"800250864872",Khris Middleton Aggies 2020 Panini Contenders Draft Picks #30b Game Ticket Red,,281-pwy4q-72A556C,"1","FIXED_PRICE","AUD",2.99,,,2.99,"0","","","Jun-27-26 02:51:45 PDT","Jul-27-26 02:51:45 PDT","Trading Card Singles","261328","","","Ungraded","","","","Near mint or better","","AU","","",""
"800250864873",Anthony Davis Los Angeles Lakers 2019-20 Panini Chronicles #157 Pink,,170-nt7pz-86C4C1F,"1","FIXED_PRICE","AUD",2.99,,,2.99,"0","","","Jun-27-26 02:51:45 PDT","Jul-27-26 02:51:45 PDT","Trading Card Singles","261328","","","Ungraded","","","","Near mint or better","","AU","","",""
"800250864874",Trae Young Atlanta Hawks 2020-21 Panini Contenders #5 Game Ticket Bronze,,433-02D9DB2-1D00A27,"1","FIXED_PRICE","AUD",2.99,,,2.99,"0","","","Jun-27-26 02:51:45 PDT","Jul-27-26 02:51:45 PDT","Trading Card Singles","261328","","","Ungraded","","","","Near mint or better","","AU","","",""
"800250864875",Karl-Anthony Towns Minnesota Timberwolves 2019-20 Panini Revolution #59 Astro,,284-pwy4u-C8FA122,"1","FIXED_PRICE","AUD",2.99,,,2.99,"0","","","Jun-27-26 02:51:45 PDT","Jul-27-26 02:51:45 PDT","Trading Card Singles","261328","","","Ungraded","","","","Near mint or better","","AU","","",""
"800250864876",CJ McCollum New Orleans Pelicans 2023-24 Panini Phoenix #75 Phoenix Teal Lazer,,216-ntcrc-8D4D240,"1","FIXED_PRICE","AUD",2.99,,,2.99,"0","","","Jun-27-26 02:51:45 PDT","Jul-27-26 02:51:45 PDT","Trading Card Singles","261328","","","Ungraded","","","","Near mint or better","","AU","","",""
"800250864877",Jalen Suggs Orlando Magic 2022-23 Donruss #81 Holo Laser Green,,203-nt7qy-C722573,"1","FIXED_PRICE","AUD",2.99,,,2.99,"0","","","Jun-27-26 02:51:45 PDT","Jul-27-26 02:51:45 PDT","Trading Card Singles","261328","","","Ungraded","","","","Near mint or better","","AU","","",""
"800250864882",Aaron Gordon Denver Nuggets 2023-24 Panini Prizm #12 Prizms Ice,,205-nt7r1-4B1D4E9,"1","FIXED_PRICE","AUD",2.99,,,2.99,"0","","","Jun-27-26 02:51:46 PDT","Jul-27-26 02:51:46 PDT","Trading Card Singles","261328","","","Ungraded","","","","Near mint or better","","AU","","",""